,label,iteration,t,raw_acceleration_x,raw_acceleration_y,raw_acceleration_z,rotation_speed_x,rotation_speed_y,rotation_speed_z,magnetic_field_x,magnetic_field_y,magnetic_field_z,nb_sign_changes_acceleration_x,nb_sign_changes_acceleration_y,nb_sign_changes_acceleration_z
0,0,1,10.884042610526317,9.288315789473684,-0.8751578947368421,-1.482315789473684,-0.14442105263157892,0.036631578947368425,-0.07600000000000001,-39.4658947368421,23.70778947368421,-6.880631578947368,0.0,4.0,2.0
1,0,10,44.35128700917431,9.413853211009174,-0.5059633027522936,-1.3628440366972479,-0.06440366972477064,-0.006513761467889908,-0.08880733944954128,-43.8197247706422,21.17577981651376,-5.3023853211009175,0.0,7.0,10.0
2,0,11,101.00077724561403,9.59938596491228,1.8313157894736842,-1.3230701754385965,-0.1280701754385965,0.08868421052631578,-0.13868421052631577,-45.552894736842106,11.312631578947368,-4.810877192982455,0.0,8.0,19.0
3,0,12,105.41316126666668,9.430857142857143,1.3181904761904761,-1.565238095238095,-0.055238095238095246,0.011047619047619051,-0.1100952380952381,-45.39304761904762,13.884190476190476,-2.424857142857143,0.0,4.0,15.0
4,0,13,109.65203028735631,9.180344827586207,1.4370114942528736,-2.23264367816092,-0.0717241379310345,0.0328735632183908,-0.14839080459770115,-45.11229885057471,14.07597701149425,-0.09942528735632176,0.0,3.0,4.0
5,0,14,113.557271375,9.151388888888889,1.240138888888889,-3.2605555555555554,-0.0004166666666666701,0.06861111111111112,-0.15291666666666667,-45.05236111111111,15.331805555555556,3.168611111111111,0.0,3.0,2.0
6,0,15,117.31123576811595,9.428550724637683,1.2433333333333332,-2.7484057971014493,-0.018115942028985515,0.15913043478260872,-0.14869565217391303,-45.50869565217391,15.824492753623186,3.209855072463768,0.0,3.0,2.0
7,0,16,120.7883869213483,9.092921348314606,0.962808988764045,-2.4,-0.0902247191011236,0.04202247191011236,-0.15078651685393257,-46.19168539325843,15.773932584269662,1.8648314606741574,0.0,7.0,7.0
8,0,17,124.71189048148149,8.964814814814815,1.1646913580246914,-3.2793827160493825,-0.10728395061728396,0.03938271604938272,-0.1339506172839506,-45.91975308641975,14.813580246913581,6.736296296296296,0.0,3.0,4.0
9,0,18,129.01315926136365,8.925340909090908,1.0820454545454545,-3.3775000000000004,-0.10636363636363635,0.08715909090909092,-0.21056818181818182,-44.88625,15.738977272727272,6.694999999999999,0.0,5.0,6.0
10,0,19,133.5918541588785,9.296355140186916,1.05392523364486,-2.1442056074766356,-0.08766355140186917,0.09130841121495327,-0.23607476635514016,-46.42140186915888,15.268317757009346,1.7642990654205608,0.0,9.0,10.0
11,0,2,14.205635586206897,9.188045977011495,-0.09563218390804598,-2.470229885057471,-0.07057471264367816,0.015172413793103448,-0.15839080459770116,-42.366436781609195,22.495172413793103,0.30264367816091947,0.0,4.0,4.0
12,0,20,144.23941479591835,8.945714285714285,0.7533673469387755,-2.5124489795918366,-0.09999999999999999,0.12214285714285715,-0.2053061224489796,-45.257959183673464,17.436326530612245,3.756836734693877,0.0,5.0,12.0
13,0,21,245.99001231404958,7.614380165289257,1.201404958677686,-4.314710743801653,-0.10702479338842974,0.2609917355371901,-0.08198347107438017,-42.339586776859505,9.088760330578513,10.62404958677686,4.0,6.0,5.0
14,0,22,250.34786852173914,8.730347826086957,0.7893913043478261,-2.2083478260869565,-0.13165217391304346,-0.11808695652173914,-0.16182608695652173,-45.70504347826087,11.107913043478261,-1.973217391304348,0.0,6.0,11.0
15,0,23,253.88582077083333,8.596666666666666,0.8352083333333332,-2.7771875,-0.09791666666666665,-0.1466666666666667,-0.2753125,-46.36270833333333,11.462916666666667,-0.021562499999999974,1.0,8.0,15.0
16,0,24,257.4592823027523,9.503486238532112,1.0896330275229358,-1.7825688073394497,0.034495412844036705,-0.14238532110091742,-0.11724770642201834,-47.06504587155963,9.895045871559633,-2.2643119266055045,2.0,4.0,19.0
17,0,25,261.4644542761194,9.145149253731343,2.3372388059701494,-1.5730597014925372,-0.032985074626865674,-0.04805970149253732,-0.06343283582089553,-48.0339552238806,5.942910447761194,-2.0484328358208956,0.0,9.0,14.0
18,0,26,265.42062501754384,9.013157894736842,2.39780701754386,-1.7457017543859648,-0.049210526315789475,-0.08859649122807017,-0.12578947368421053,-48.11833333333333,4.467543859649123,-3.4457894736842105,0.0,6.0,17.0
19,0,27,270.91872084615386,8.672222222222222,1.3613675213675214,-2.359230769230769,-0.08119658119658119,-0.18572649572649574,-0.205982905982906,-45.01658119658119,7.43,-2.5506837606837607,0.0,8.0,10.0
20,0,28,274.8808423688524,8.408442622950819,1.5833606557377051,-2.6959836065573772,-0.16319672131147542,-0.2532786885245902,-0.2531967213114754,-45.07672131147541,6.5423770491803275,-1.4397540983606558,0.0,4.0,16.0
21,0,29,278.87318442857145,8.38890756302521,2.52,-2.1845378151260504,-0.09621848739495797,-0.14823529411764708,-0.16806722689075632,-46.77966386554622,2.5980672268907563,-1.549075630252101,0.0,2.0,10.0
22,0,3,18.078646388888888,9.433240740740741,-1.4404629629629628,-1.9514814814814814,-0.05351851851851852,-0.05342592592592593,-0.024537037037037038,-40.09777777777778,27.187314814814815,0.5592592592592592,0.0,8.0,5.0
23,0,30,283.01255445132745,8.357610619469027,3.3492035398230087,-1.871150442477876,-0.11097345132743362,-0.15584070796460175,-0.11690265486725662,-47.61778761061947,-0.8900884955752212,-2.6348672566371683,0.0,2.0,15.0
24,0,4,21.627340468085105,8.906063829787234,-1.3528723404255318,-2.703191489361702,-0.06340425531914894,-0.019468085106382975,-0.10042553191489362,-40.278297872340424,26.17436170212766,0.7512765957446809,0.0,6.0,9.0
25,0,5,25.45920486,8.6943,-1.0525,-2.9577999999999998,-0.1215,-0.014499999999999997,-0.18989999999999999,-40.585,24.566100000000002,0.5863,0.0,4.0,4.0
26,0,6,28.91925123157895,8.807368421052631,-0.5683157894736842,-3.034842105263158,-0.07357894736842105,-0.021894736842105265,-0.05663157894736842,-42.56557894736842,22.82957894736842,1.7003157894736842,0.0,4.0,6.0
27,0,7,32.71886957731959,8.868453608247423,-1.7818556701030928,-2.2375257731958764,-0.11144329896907217,-0.024020618556701033,-0.12195876288659793,-38.26123711340206,27.482680412371135,-2.0562886597938146,0.0,4.0,8.0
28,0,8,36.56151096226415,9.070188679245284,-2.0691509433962265,-2.4766037735849054,-0.07669811320754716,-0.007358490566037733,-0.0869811320754717,-37.423490566037735,29.089056603773585,-0.3946226415094338,0.0,12.0,12.0
29,0,9,40.69598856451613,9.298225806451613,-0.2705645161290323,-2.1937096774193545,0.000967741935483864,0.06201612903225807,-0.23475806451612902,-43.00967741935484,21.703145161290323,-1.5350806451612902,0.0,5.0,10.0
30,1,1,2.748378046511628,9.003720930232559,2.291279069767442,-2.9102325581395347,-0.15872093023255815,-0.2822093023255814,-0.11581395348837208,-44.15127906976745,10.19453488372093,11.291046511627906,0.0,4.0,4.0
31,1,10,34.28356544444444,9.774567901234567,1.8127160493827161,-0.862716049382716,-0.1559259259259259,-0.02432098765432099,-0.06592592592592593,-48.26864197530865,11.326296296296295,-0.6427160493827159,2.0,2.0,6.0
32,1,11,49.04958387301587,9.199206349206348,-1.233968253968254,-0.8704761904761904,-0.24238095238095236,-0.3217460317460317,0.20714285714285716,-39.75523809523809,24.782857142857143,-3.7958730158730156,0.0,6.0,8.0
33,1,12,53.7681382,9.696714285714286,-2.529142857142857,-2.105571428571429,-0.31142857142857144,-0.16085714285714287,0.1482857142857143,-37.93371428571429,27.94257142857143,-2.1184285714285713,0.0,6.0,6.0
34,1,13,57.64537015714286,9.76442857142857,-1.3078571428571428,-1.5064285714285715,-0.15742857142857142,-0.18257142857142855,-0.029857142857142856,-39.13328571428571,25.862571428571428,-2.501,0.0,4.0,6.0
35,1,14,61.64116920634921,9.073968253968253,-0.9831746031746031,-2.663492063492064,-0.29619047619047617,-0.1322222222222222,0.031111111111111117,-39.5368253968254,25.35015873015873,-0.5387301587301586,2.0,6.0,4.0
36,1,15,65.23935196428572,9.216071428571428,-1.7929761904761907,-2.378452380952381,-0.2864285714285714,-0.1498809523809524,0.08654761904761904,-38.82404761904762,27.090357142857144,-0.638095238095238,0.0,6.0,6.0
37,1,16,69.38703746153845,9.30901098901099,-2.167912087912088,-2.8385714285714285,-0.21461538461538462,-0.043516483516483524,-0.031208791208791206,-36.541318681318685,29.031648351648354,3.3232967032967036,2.0,2.0,4.0
38,1,17,73.51906665333333,8.932933333333335,-2.1677333333333335,-1.9220000000000002,-0.3256,-0.20266666666666666,0.0006666666666666717,-36.65786666666667,31.420266666666667,-1.5729333333333333,4.0,2.0,6.0
39,1,18,77.8213355060241,9.150843373493975,-2.7173493975903615,-2.311927710843374,-0.34963855421686746,-0.1330120481927711,0.09602409638554217,-36.09602409638554,31.762530120481927,-0.930843373493976,2.0,2.0,2.0
40,1,19,81.30085444594594,8.741756756756757,-2.2762162162162163,-1.8012162162162162,-0.20851351351351352,0.049189189189189186,0.09297297297297297,-37.37810810810811,32.06891891891892,-0.2075675675675676,2.0,4.0,4.0
41,1,2,7.149021978494624,9.658172043010753,2.0961290322580646,0.08881720430107527,-0.14301075268817204,-0.13806451612903226,-0.08333333333333333,-47.43516129032258,10.801612903225806,-1.373010752688172,0.0,4.0,13.0
42,1,20,87.42516250359712,9.074676258992806,-3.3127338129496406,-3.5948201438848923,0.10906474820143885,-0.059568345323741,-0.07776978417266188,-34.59834532374101,32.29086330935252,10.591870503597121,0.0,0.0,0.0
43,1,21,99.30049139726027,8.813150684931507,-2.1779452054794524,-2.0413698630136987,-0.31273972602739725,-0.10630136986301371,0.05972602739726028,-37.75808219178082,30.244383561643836,-1.2243835616438357,0.0,6.0,4.0
44,1,22,123.70815318292684,8.53560975609756,-1.3498780487804878,-3.882073170731707,-0.03317073170731707,0.0028048780487804925,0.04548780487804878,-40.46780487804878,24.971463414634147,11.307804878048781,4.0,8.0,2.0
45,1,23,127.19530829333334,8.327466666666668,-1.5429333333333333,-4.904533333333333,-0.20266666666666666,0.13346666666666665,-0.04706666666666667,-42.6836,21.373733333333334,10.519200000000001,2.0,4.0,2.0
46,1,24,131.05171386813186,8.57032967032967,-1.734945054945055,-3.524285714285714,-0.17846153846153845,-0.008461538461538468,0.016593406593406593,-42.76901098901099,21.97197802197802,4.437142857142857,4.0,8.0,4.0
47,1,25,134.74400908510637,8.550425531914893,-2.479893617021277,-4.254361702127659,-0.19095744680851062,-0.06170212765957447,0.07414893617021277,-40.88957446808511,25.506276595744684,5.85904255319149,6.0,6.0,2.0
48,1,26,139.68955439215688,8.245980392156863,-2.904313725490196,-4.989411764705882,-0.18068627450980393,-0.07411764705882354,0.13774509803921567,-38.30627450980393,26.152156862745098,6.822450980392157,4.0,3.0,2.0
49,1,27,145.93612355844155,8.955584415584417,-2.4279220779220783,-4.293766233766234,-0.2568831168831169,0.09298701298701298,0.012467532467532468,-40.875064935064934,25.25974025974026,4.311038961038961,2.0,4.0,2.0
50,1,28,149.86307864285715,8.631785714285716,-2.6382142857142856,-4.725238095238096,-0.21404761904761904,-0.017023809523809535,0.06999999999999999,-39.7727380952381,25.371309523809526,6.4609523809523814,2.0,6.0,2.0
51,1,29,155.25295720833333,8.399375000000001,-2.5565625,-4.314791666666667,-0.1484375,0.0021874999999999894,0.029270833333333333,-38.801458333333336,25.403750000000002,7.533124999999999,4.0,6.0,4.0
52,1,3,11.205441511627907,9.776279069767442,0.5555813953488372,-0.8256976744186048,-0.1452325581395349,-0.141046511627907,-0.13116279069767442,-45.13197674418605,18.24186046511628,0.08011627906976737,0.0,3.0,4.0
53,1,30,159.99155081609194,8.344022988505747,-2.7491954022988505,-4.0201149425287355,-0.2052873563218391,0.03482758620689654,0.0739080459770115,-38.21885057471264,24.174137931034483,4.623793103448276,2.0,6.0,2.0
54,1,31,164.92800682022474,8.816741573033708,-3.250898876404494,-3.8187640449438205,-0.24337078651685393,-0.042808988764044965,0.04764044943820224,-38.42932584269663,27.42932584269663,0.7715730337078653,2.0,6.0,2.0
55,1,4,14.703046988372092,9.601744186046512,0.3081395348837209,-1.9525581395348837,0.028837209302325587,-0.08813953488372094,-0.05825581395348837,-44.1553488372093,17.81139534883721,4.180348837209302,4.0,6.0,6.0
56,1,5,17.985710555555556,9.818055555555555,0.8999999999999999,-2.042638888888889,-0.13972222222222222,-0.19777777777777777,-0.08263888888888889,-45.98972222222222,17.17361111111111,3.592777777777778,2.0,5.0,6.0
57,1,6,21.295630225352113,9.612676056338028,0.5342253521126761,-0.9208450704225352,-0.15211267605633805,-0.015352112676056342,-0.17577464788732394,-45.87056338028169,16.828309859154928,-1.0612676056338028,2.0,5.0,4.0
58,1,7,24.60446028205128,9.42705128205128,0.7193589743589743,-0.6202564102564103,-0.15051282051282053,-0.11743589743589744,-0.11,-45.517820512820514,15.84794871794872,-2.123846153846154,2.0,9.0,6.0
59,1,8,27.880523450704224,9.540845070422534,1.401830985915493,-1.2745070422535212,-0.19211267605633803,-0.15887323943661974,-0.16211267605633803,-45.93647887323943,13.998732394366197,0.2533802816901408,2.0,6.0,8.0
60,1,9,31.0612906056338,9.413098591549296,1.993380281690141,-0.7916901408450704,-0.13154929577464788,-0.2480281690140845,-0.17042253521126763,-47.157183098591545,12.651830985915492,-1.6409859154929576,2.0,4.0,5.0
61,2,1,4.1764958000000005,9.695052631578948,0.7818947368421053,-0.5889473684210527,-0.11768421052631578,-0.04031578947368421,-0.10021052631578947,-44.89515789473684,22.063052631578945,-3.276315789473684,4.0,5.0,7.0
62,2,10,41.59637600806452,9.673790322580645,1.0881451612903226,-0.49048387096774193,-0.09629032258064517,0.004677419354838707,-0.10451612903225807,-47.983870967741936,14.475564516129033,-5.879516129032258,0.0,6.0,28.0
63,2,11,55.04213391111111,8.355777777777778,0.17744444444444446,-3.3871111111111114,-0.4285555555555556,-0.03055555555555555,0.19755555555555557,-39.403666666666666,22.389555555555553,2.2888888888888888,2.0,5.0,4.0
64,2,12,60.49473608,8.4566,-0.5285,-3.1164,-0.33149999999999996,-0.0596,-0.0649,-38.7177,24.6159,1.2695,4.0,8.0,2.0
65,2,13,65.21987797368422,8.48578947368421,-0.605,-3.916315789473684,-0.5051315789473684,-0.18368421052631578,0.03144736842105261,-38.275921052631574,25.928026315789474,1.7390789473684212,2.0,4.0,2.0
66,2,14,70.31443793617022,8.562021276595745,-0.16180851063829785,-3.5372340425531914,-0.349468085106383,-0.06734042553191488,-0.0551063829787234,-39.4963829787234,25.01659574468085,1.3936170212765957,4.0,4.0,4.0
67,2,15,75.41313686868688,8.236262626262626,-0.47101010101010105,-3.909191919191919,-0.4204040404040404,-0.11888888888888889,0.027272727272727264,-38.42080808080808,25.807676767676767,4.8819191919191915,8.0,4.0,2.0
68,2,16,80.92620565686273,8.460882352941177,0.2799019607843137,-3.928921568627451,-0.30588235294117644,-0.0011764705882352988,-0.14686274509803923,-41.8956862745098,22.594019607843137,5.2587254901960785,4.0,6.0,8.0
69,2,17,85.01655492035398,8.793982300884956,0.024867256637168145,-3.5858407079646017,-0.24185840707964604,-0.07999999999999999,-0.1547787610619469,-41.24902654867257,22.971946902654867,4.507433628318584,2.0,5.0,4.0
70,2,18,89.35053988235295,8.676176470588235,-0.4097058823529411,-3.7179411764705885,-0.37088235294117644,-0.062450980392156866,-0.12323529411764707,-41.12117647058823,25.306078431372548,4.921568627450981,4.0,4.0,9.0
71,2,19,93.82281683505155,8.688556701030928,0.9120618556701031,-3.454742268041237,-0.2912371134020619,-0.037422680412371144,-0.11164948453608248,-43.09175257731958,22.214432989690724,4.212577319587629,6.0,4.0,4.0
72,2,2,8.547220603773585,9.582641509433962,0.7902830188679245,-0.3914150943396227,-0.16660377358490566,0.008018867924528304,-0.10141509433962265,-44.782452830188674,20.793867924528303,-5.677830188679246,2.0,6.0,24.0
73,2,20,98.53226175438597,8.465087719298246,0.10859649122807015,-3.986578947368421,-0.26903508771929824,-0.025175438596491222,-0.1275438596491228,-41.884473684210526,21.20508771929825,8.367631578947368,2.0,6.0,4.0
74,2,21,124.93581397468354,8.247848101265824,0.2931645569620253,-4.789367088607595,-0.38367088607594935,0.0018987341772151874,-0.03392405063291139,-45.56050632911393,18.692025316455698,2.961645569620253,4.0,3.0,4.0
75,2,22,129.22336560759493,8.095443037974682,-0.16151898734177222,-4.343544303797469,-0.3860759493670886,-0.09468354430379747,0.18569620253164557,-45.32088607594937,18.165822784810125,1.520632911392405,2.0,5.0,2.0
76,2,23,133.81399330555556,8.422083333333333,-0.42513888888888896,-4.495972222222222,-0.31680555555555556,-0.1340277777777778,0.15986111111111112,-45.790416666666665,17.74861111111111,-1.0468055555555555,2.0,5.0,2.0
77,2,24,138.07181425925927,7.246049382716048,-1.1337037037037037,-3.7941975308641975,-0.5864197530864198,0.024691358024691364,0.23049382716049385,-44.23802469135802,19.806296296296296,-1.5649382716049383,2.0,7.0,2.0
78,2,25,143.23572692380952,7.752666666666666,-0.32228571428571423,-5.350666666666667,-0.37,-0.0023809523809523677,0.012952380952380963,-46.67333333333333,16.286190476190477,1.4503809523809525,2.0,5.0,2.0
79,2,26,148.79740610958905,8.447123287671232,0.286986301369863,-4.288356164383562,-0.3646575342465754,-0.15273972602739724,0.07232876712328766,-46.89972602739726,18.093698630136984,-4.103698630136986,2.0,5.0,2.0
80,2,27,153.3442288734177,8.128101265822785,-1.9420253164556964,-4.788860759493671,-0.2827848101265823,-0.3362025316455696,0.17670886075949366,-43.52050632911392,20.588987341772153,-2.459620253164557,4.0,5.0,2.0
81,2,28,158.04148946428572,7.929880952380953,-0.4995238095238096,-4.4297619047619055,-0.3433333333333333,-0.20535714285714285,0.004285714285714281,-46.20357142857143,17.705714285714286,-2.6410714285714283,2.0,5.0,4.0
82,2,29,162.47539952941176,7.907882352941176,0.1490588235294117,-4.754352941176471,-0.31211764705882356,-0.2363529411764706,0.1770588235294118,-46.73658823529412,15.951529411764707,-2.0481176470588234,4.0,5.0,6.0
83,2,3,12.59366567961165,9.664854368932039,0.4441747572815534,-1.0081553398058252,-0.20514563106796116,-0.045728155339805836,-0.08427184466019418,-44.944951456310676,20.55378640776699,-1.7066019417475728,0.0,10.0,8.0
84,2,30,167.49355117808219,7.6506849315068495,-1.7564383561643835,-4.667534246575343,-0.5017808219178083,-0.30739726027397263,0.15561643835616437,-42.15260273972603,23.02794520547945,1.6182191780821917,2.0,3.0,2.0
85,2,4,16.694635288659793,9.645567010309279,0.09298969072164946,-0.9505154639175258,-0.1320618556701031,0.015773195876288663,-0.07185567010309278,-44.66835051546391,21.39,-2.894742268041237,0.0,5.0,8.0
86,2,5,20.92884281308411,9.495046728971962,0.24682242990654202,-0.44532710280373833,-0.19289719626168225,-0.04317757009345795,-0.16,-44.67747663551402,19.678317757009346,-5.9264485981308415,0.0,5.0,9.0
87,2,6,24.938678352941174,9.456470588235295,0.9447058823529412,0.10549019607843137,-0.19058823529411767,0.03441176470588235,-0.13029411764705884,-45.202843137254895,17.090882352941176,-8.209019607843137,0.0,6.0,18.0
88,2,7,29.08348616814159,9.578672566371683,0.6794690265486726,-0.11796460176991148,-0.0845132743362832,-0.04212389380530973,-0.11053097345132744,-45.695132743362834,18.131681415929204,-7.321061946902654,0.0,6.0,5.0
89,2,8,33.2508121682243,9.580093457943924,0.2965420560747663,-0.2407476635514019,-0.12037383177570092,0.007570093457943925,-0.09046728971962617,-45.533738317757006,18.76056074766355,-7.126635514018691,0.0,7.0,8.0
90,2,9,37.152828285714286,9.460190476190476,1.102952380952381,-1.0731428571428572,-0.1341904761904762,0.0017142857142857155,-0.09495238095238094,-47.81542857142857,15.763333333333334,-2.2585714285714285,0.0,6.0,4.0
91,3,1,4.556951172131147,9.633196721311476,0.20377049180327872,-0.5725409836065575,0.042213114754098356,-0.10844262295081968,-0.09057377049180329,-44.24909836065574,18.30540983606557,-1.7854098360655737,0.0,5.0,2.0
92,3,10,39.575124495495494,9.49900900900901,0.8138738738738739,-0.3417117117117117,0.07873873873873874,-0.0654054054054054,-0.20153153153153153,-47.880090090090086,14.083783783783783,-5.694324324324325,0.0,5.0,3.0
93,3,11,59.92592257471264,8.020574712643677,4.4365517241379315,-3.4108045977011496,0.22988505747126436,-0.09873563218390805,-0.17954022988505747,-49.91057471264368,-3.83551724137931,3.501149425287356,2.0,4.0,2.0
94,3,12,64.10110632926829,8.104634146341464,3.115609756097561,-2.6753658536585365,0.023658536585365864,-0.2675609756097561,-0.17841463414634148,-50.50670731707317,-4.006219512195122,-0.26280487804878055,0.0,4.0,4.0
95,3,13,68.28939701234567,8.058395061728396,3.1437037037037037,-3.5820987654320984,0.19962962962962966,-0.3887654320987654,-0.16703703703703704,-49.90716049382716,-3.4471604938271603,3.370987654320988,0.0,4.0,3.0
96,3,14,72.15640862962962,7.859753086419753,4.165802469135802,-3.1206172839506174,-0.0053086419753086275,-0.3462962962962963,-0.0974074074074074,-49.839629629629634,-4.723703703703704,0.584320987654321,2.0,3.0,9.0
97,3,15,76.1559470131579,7.102631578947368,2.6413157894736843,-2.912236842105263,-0.29486842105263156,-0.5253947368421052,-0.005526315789473692,-50.0425,-3.7322368421052627,-1.268421052631579,2.0,4.0,5.0
98,3,16,80.18046249411765,7.2995294117647065,4.4571764705882355,-3.7554117647058822,0.08670588235294116,-0.2802352941176471,-0.19623529411764706,-49.727411764705884,-4.576941176470588,3.398117647058823,0.0,4.0,4.0
99,3,17,84.01440146987952,7.045060240963855,2.8689156626506023,-3.5945783132530122,-0.05819277108433736,-0.43481927710843377,-0.12843373493975904,-49.31590361445783,-0.2748192771084337,2.262409638554217,2.0,4.0,5.0
100,3,18,87.5965006097561,7.805975609756098,3.5563414634146344,-3.4458536585365853,0.13756097560975608,-0.31146341463414634,-0.20414634146341462,-49.22317073170732,1.5841463414634147,3.075731707317073,2.0,4.0,3.0
101,3,19,91.80251608888888,7.899444444444445,3.061777777777778,-4.277666666666667,0.09755555555555556,-0.37277777777777776,-0.22188888888888889,-49.32299999999999,-0.11966666666666669,4.442444444444444,2.0,4.0,2.0
102,3,2,8.84514996551724,9.763965517241378,0.22862068965517243,-0.18,0.02672413793103448,0.012586206896551728,-0.036551724137931035,-44.67982758620689,19.01612068965517,-2.8919827586206894,0.0,8.0,16.0
103,3,20,95.87747468041238,7.62659793814433,4.114948453608247,-4.003092783505155,0.05577319587628865,-0.27123711340206186,-0.2347422680412371,-48.6998969072165,-0.12845360824742266,5.259690721649484,2.0,4.0,2.0
104,3,21,107.76025664444444,8.312000000000001,-1.0201111111111112,-2.1767777777777777,-0.02600000000000001,-0.33555555555555555,-0.0026666666666666622,-43.05211111111111,19.747333333333334,-1.6847777777777777,4.0,10.0,8.0
105,3,22,112.10589422972973,8.538783783783783,-0.143918918918919,-3.765945945945946,-0.12094594594594593,-0.46283783783783783,-0.01608108108108108,-44.43405405405405,17.10324324324324,-3.2033783783783782,2.0,4.0,8.0
106,3,23,115.8920418,8.035764705882352,-1.6018823529411765,-3.4545882352941173,-0.19905882352941173,-0.37741176470588234,0.1191764705882353,-42.036,21.450941176470586,-2.6369411764705886,6.0,4.0,8.0
107,3,24,119.53889123595506,7.971123595505618,-1.570112359550562,-3.150112359550562,-0.09561797752808991,-0.45011235955056184,0.13797752808988764,-43.75505617977528,19.36314606741573,-2.1092134831460676,4.0,4.0,5.0
108,3,25,123.80561969892473,8.123978494623655,-1.9691397849462364,-2.4408602150537635,-0.2101075268817204,-0.3731182795698925,0.12655913978494623,-43.151827956989244,20.18225806451613,-5.4124731182795704,0.0,6.0,12.0
109,3,26,129.4348338625,7.773625,-1.547875,-2.8075,-0.390375,-0.30662500000000004,0.208875,-44.161874999999995,18.685,-5.64925,4.0,4.0,6.0
110,3,27,133.26215352688172,8.080645161290322,-1.9988172043010755,-2.0374193548387094,-0.15838709677419355,-0.34053763440860213,0.19913978494623655,-43.54032258064516,20.72741935483871,-3.636236559139785,0.0,3.0,8.0
111,3,28,137.33577660493827,7.923703703703704,-2.755679012345679,-2.8680246913580247,-0.22333333333333333,-0.44703703703703707,0.25876543209876546,-42.81851851851852,21.558271604938273,-4.526296296296296,4.0,3.0,4.0
112,3,29,141.16322598863636,8.039772727272727,-1.9445454545454546,-2.766590909090909,-0.15022727272727274,-0.44625000000000004,0.13590909090909092,-44.005227272727275,19.351931818181818,-5.2084090909090905,2.0,3.0,6.0
113,3,3,12.85697831372549,9.324117647058824,-0.05274509803921568,-0.23774509803921567,-0.015294117647058826,-0.07470588235294118,-0.16872549019607844,-43.99421568627451,19.538627450980393,-3.6676470588235297,0.0,5.0,10.0
114,3,30,144.88707498630137,7.814109589041097,-2.7334246575342465,-3.8863013698630136,-0.23493150684931505,-0.47780821917808225,0.19438356164383558,-41.92876712328767,22.368356164383563,-5.699452054794521,2.0,4.0,6.0
115,3,4,16.481680577981653,9.345412844036698,-0.03110091743119267,-0.01587155963302752,0.01211009174311927,-0.0581651376146789,-0.12752293577981652,-44.49183486238532,18.99559633027523,-3.9193577981651373,0.0,4.0,5.0
116,3,5,20.2288364,9.500380952380953,0.12380952380952383,-0.5657142857142857,-0.04161904761904762,-0.04561904761904762,-0.1381904761904762,-45.62904761904762,18.803904761904764,-2.617714285714286,0.0,5.0,7.0
117,3,6,23.992387755319147,9.331702127659574,0.16361702127659575,-1.2957446808510638,0.048404255319148944,-0.06723404255319149,-0.20840425531914894,-45.346808510638304,19.672659574468085,0.1448936170212766,0.0,5.0,5.0
118,3,7,27.599513161904763,9.494285714285715,-0.17714285714285716,-0.5253333333333333,-0.01085714285714286,-0.04838095238095237,-0.09704761904761905,-46.20628571428571,19.850571428571428,-3.826285714285714,0.0,6.0,19.0
119,3,8,31.660618366336635,9.717128712871286,0.57,-0.7731683168316832,0.08554455445544555,-0.01732673267326732,-0.16297029702970298,-47.134752475247524,16.57,-2.94990099009901,0.0,5.0,8.0
120,3,9,35.68545364285715,9.366964285714285,1.2685714285714287,-0.325625,-0.012142857142857146,0.02669642857142857,-0.11973214285714286,-48.92258928571429,13.028571428571428,-3.9320535714285714,0.0,5.0,11.0
121,4,1,10.519919153110047,9.297942583732057,-0.8088995215311005,0.7960287081339713,0.008995215311004784,-0.02229665071770335,-0.056220095693779906,-42.880191387559805,22.629808612440193,-10.532631578947367,2.0,5.0,6.0
122,4,10,49.325396427184465,9.622718446601942,0.4774757281553398,0.34980582524271847,-0.0821359223300971,-0.1163106796116505,-0.11572815533980582,-51.6526213592233,17.499029126213593,-6.565339805825243,0.0,3.0,11.0
123,4,11,52.947839567010305,9.650515463917525,0.3355670103092784,0.5018556701030927,-0.016597938144329895,-0.20247422680412372,-0.14237113402061857,-50.72144329896908,19.06618556701031,-7.067319587628866,0.0,3.0,3.0
124,4,12,66.90999642253522,7.927605633802817,2.88943661971831,-2.464788732394366,0.0980281690140845,-0.479718309859155,0.25591549295774646,-52.017183098591545,5.483098591549296,-3.465915492957746,2.0,12.0,5.0
125,4,13,73.1445243902439,8.280243902439025,3.059878048780488,-2.7908536585365855,0.08170731707317072,-0.36902439024390243,0.13853658536585367,-51.458536585365856,6.6000000000000005,2.4715853658536586,2.0,10.0,3.0
126,4,14,78.2495895180723,8.649759036144578,3.1027710843373497,-3.525542168674699,0.14710843373493976,-0.5690361445783132,0.12337349397590362,-50.33072289156626,6.840120481927711,3.2712048192771084,1.0,10.0,3.0
127,4,15,82.7308161764706,8.212,3.1036470588235296,-4.451294117647059,0.10423529411764705,-0.5818823529411765,0.174,-47.34,6.908705882352941,7.8248235294117645,4.0,8.0,5.0
128,4,16,87.3943186,8.342235294117648,3.4438823529411766,-3.3010588235294116,0.15870588235294117,-0.36611764705882355,0.0788235294117647,-48.44611764705883,1.8075294117647058,4.934705882352941,0.0,6.0,3.0
129,4,17,91.63252998913043,8.945760869565218,3.5397826086956523,-3.6592391304347824,0.2340217391304348,-0.3297826086956522,0.07380434782608696,-47.07152173913043,2.4715217391304347,6.689565217391305,0.0,6.0,7.0
130,4,18,96.11348314606742,8.322359550561798,3.6329213483146066,-2.486629213483146,0.19887640449438201,-0.4453932584269663,0.19247191011235953,-48.63943820224719,0.5886516853932584,0.4542696629213484,0.0,10.0,3.0
131,4,19,100.122891925,8.334375,3.5075000000000003,-1.987625,0.15912500000000002,-0.420875,0.13275,-50.149375,0.96675,-0.06787499999999999,0.0,8.0,5.0
132,4,2,18.068064482142855,9.487053571428572,0.23723214285714286,-0.10446428571428572,-0.044642857142857144,-0.1432142857142857,-0.07660714285714286,-45.05258928571429,16.73901785714286,-3.201517857142857,0.0,3.0,9.0
133,4,20,104.7426438181818,8.290340909090908,3.764886363636364,-1.9310227272727274,0.2852272727272727,-0.34909090909090906,0.03545454545454546,-49.970454545454544,-1.1497727272727272,0.2853409090909091,0.0,4.0,5.0
134,4,21,116.74891355737704,8.17967213114754,-0.5104918032786885,-3.019344262295082,0.0860655737704918,-0.41409836065573774,0.1780327868852459,-44.431311475409835,20.526393442622954,6.014426229508197,2.0,4.0,8.0
135,4,22,121.18772478666666,9.0452,-0.8469333333333334,-3.1384,-0.07013333333333333,-0.398,0.07599999999999998,-44.2384,19.25733333333333,4.165466666666667,2.0,13.0,7.0
136,4,23,125.27955771818182,8.69509090909091,-1.7332727272727273,-0.9898181818181819,-0.09718181818181817,-0.22863636363636367,0.07054545454545454,-41.51863636363637,23.397363636363636,-2.7754545454545454,4.0,6.0,6.0
137,4,24,129.747140859375,10.60671875,-3.15484375,-2.91515625,-0.031875,-0.4428125,0.07609375,-41.56015625,24.06125,-0.6204687499999999,4.0,2.0,3.0
138,4,25,133.6308112125,8.43425,-1.6824999999999999,-2.384,-0.004375000000000008,-0.40874999999999995,0.20975000000000002,-42.823375,21.415875,0.896125,6.0,12.0,5.0
139,4,26,137.6077286860465,8.571046511627907,-1.6736046511627907,-2.241395348837209,0.005813953488372101,-0.3669767441860465,0.2180232558139535,-42.25430232558139,22.291976744186044,1.2188372093023256,2.0,7.0,3.0
140,4,27,141.48273007070708,8.8089898989899,-0.91,-2.4544444444444444,-0.04121212121212122,-0.2598989898989899,0.1384848484848485,-44.135252525252525,18.873939393939395,1.4262626262626261,4.0,7.0,7.0
141,4,28,145.83845279487178,8.354871794871794,-0.5562820512820513,-2.5448717948717947,0.059102564102564106,-0.4101282051282051,0.14923076923076925,-44.543461538461536,18.16025641025641,0.5261538461538462,2.0,10.0,3.0
142,4,29,150.02500042857142,9.6175,-0.40476190476190466,-2.758452380952381,0.0963095238095238,-0.41785714285714287,0.17404761904761903,-45.18857142857143,17.971904761904764,-0.10309523809523806,4.0,11.0,7.0
143,4,3,21.830604127659573,9.639468085106383,0.21382978723404256,-0.3647872340425532,-0.07638297872340426,-0.10670212765957446,-0.03276595744680851,-46.075957446808516,17.726170212765958,-2.51031914893617,0.0,4.0,9.0
144,4,30,154.57539878846154,8.825576923076923,-0.6942307692307692,-4.674807692307692,-0.29346153846153844,-0.2913461538461538,0.007692307692307703,-40.14134615384615,22.372884615384613,6.260384615384615,2.0,3.0,2.0
145,4,4,25.802508239583332,9.840208333333333,0.4553125,0.15687500000000001,-0.053125,-0.06385416666666667,-0.13802083333333334,-47.487291666666664,17.355416666666667,-4.676041666666666,0.0,2.0,19.0
146,4,5,29.722493749999998,9.569673913043477,0.2942391304347826,0.8522826086956521,0.00239130434782609,-0.14130434782608695,-0.10717391304347826,-46.64467391304348,18.6125,-9.385,1.0,7.0,9.0
147,4,6,33.91514005940594,9.528712871287128,0.5306930693069307,-0.42306930693069306,-0.008415841584158413,-0.10336633663366336,-0.09584158415841584,-50.21168316831683,15.997029702970298,-2.1623762376237625,0.0,3.0,15.0
148,4,7,37.574479857142855,9.567380952380953,0.5022619047619047,0.4138095238095238,0.02619047619047619,-0.2422619047619048,-0.21000000000000002,-48.554880952380955,19.289404761904763,-5.970357142857143,0.0,3.0,11.0
149,4,8,41.98884053465347,9.185445544554456,0.367029702970297,0.03237623762376236,0.00683168316831683,-0.11405940594059405,-0.13920792079207922,-50.69653465346535,17.989108910891087,-3.2767326732673268,0.0,3.0,17.0
150,4,9,45.7439067826087,9.581739130434782,0.7421739130434782,0.3066304347826087,-0.013695652173913043,-0.08630434782608695,-0.14228260869565218,-51.64434782608696,16.257717391304347,-6.054673913043478,0.0,3.0,9.0
151,5,1,2.459096641025641,9.627948717948717,0.3006837606837607,0.3081196581196581,0.0805982905982906,-0.041965811965811964,-0.08538461538461539,-44.619572649572646,17.351196581196582,-4.068803418803419,0.0,9.0,17.0
152,5,10,39.85907138793103,9.597241379310345,-0.09896551724137931,0.883448275862069,0.12862068965517243,0.003620689655172418,-0.05672413793103449,-45.67387931034483,19.72646551724138,-10.318017241379309,0.0,7.0,4.0
153,5,11,60.27586941573034,9.041235955056178,3.4425842696629214,-2.4287640449438204,0.3313483146067416,-0.20707865168539324,-0.18314606741573033,-49.24471910112359,0.6923595505617978,-1.344494382022472,2.0,6.0,7.0
154,5,12,64.39726202105263,8.044526315789474,3.607684210526316,-2.0881052631578947,0.27042105263157895,-0.08378947368421054,-0.1643157894736842,-49.19684210526316,1.5145263157894737,-2.03,2.0,6.0,3.0
155,5,13,68.82979370103092,7.972268041237114,4.641030927835051,-2.1896907216494848,0.31783505154639174,-0.05762886597938144,-0.10979381443298969,-49.30927835051546,-1.6593814432989689,-2.096701030927835,2.0,6.0,5.0
156,5,14,72.51563384523809,7.760119047619048,3.0325,-1.3489285714285715,0.11357142857142856,-0.3376190476190476,0.09083333333333334,-50.07464285714286,-1.4711904761904762,-6.095000000000001,1.0,7.0,3.0
157,5,15,76.28513453488372,8.661627906976744,3.7093023255813953,-1.7495348837209304,0.16767441860465115,-0.21988372093023256,-0.037325581395348834,-50.80883720930233,-2.177325581395349,-4.514418604651163,2.0,5.0,2.0
158,5,16,79.84264596629212,8.49056179775281,4.132696629213483,-2.2812359550561796,0.2996629213483146,-0.23831460674157304,-0.19719101123595506,-51.42044943820225,-4.022247191011236,-1.1195505617977528,2.0,6.0,7.0
159,5,17,83.73276407058823,7.7059999999999995,4.697411764705882,-3.141058823529412,0.2496470588235294,-0.1847058823529412,-0.16,-50.49858823529412,-5.085529411764706,3.5460000000000003,2.0,6.0,3.0
160,5,18,87.57249402173913,7.6725,4.052717391304348,-2.716086956521739,0.27206521739130435,-0.23054347826086957,-0.27956521739130435,-50.73271739130435,-4.6501086956521736,-0.09804347826086952,2.0,6.0,3.0
161,5,19,91.42357475700935,8.021028037383177,4.569158878504672,-2.682336448598131,0.2877570093457944,-0.1369158878504673,-0.2118691588785047,-50.9107476635514,-4.766448598130841,1.4434579439252335,0.0,8.0,12.0
162,5,2,7.0168790743801654,9.804545454545455,0.772809917355372,0.7326446280991736,0.1050413223140496,-0.0029752066115702465,-0.035371900826446284,-44.77438016528925,15.636115702479339,-6.290578512396694,0.0,6.0,14.0
163,5,20,95.32529822222223,8.155999999999999,4.362,-2.9555555555555557,0.3411111111111111,-0.21466666666666667,-0.20433333333333334,-50.66522222222222,-4.610444444444444,2.284111111111111,4.0,5.0,3.0
164,5,21,107.35095971276597,9.113085106382979,0.0975531914893617,-3.998723404255319,0.29446808510638295,-0.303936170212766,-0.0015957446808510546,-45.7668085106383,14.35755319148936,4.940744680851064,4.0,14.0,10.0
165,5,22,111.36760717977528,8.282808988764044,-1.137191011235955,-2.5807865168539323,0.1614606741573034,-0.3048314606741573,0.09179775280898879,-45.53,17.64876404494382,0.7747191011235955,4.0,18.0,12.0
166,5,23,115.7008805,8.403260869565218,-2.175760869565217,-2.329021739130435,0.12760869565217392,-0.33032608695652177,0.1559782608695652,-43.88141304347826,21.43565217391304,-0.5783695652173914,0.0,6.0,12.0
167,5,24,120.06598742156864,8.34921568627451,-1.9268627450980391,-2.505,0.0919607843137255,-0.3078431372549019,0.049999999999999996,-43.94823529411765,22.037941176470586,-1.251372549019608,2.0,6.0,16.0
168,5,25,124.21575108080808,8.3410101010101,-1.3188888888888888,-3.090707070707071,0.07090909090909091,-0.25222222222222224,0.08131313131313132,-44.24909090909091,21.21393939393939,-1.115050505050505,2.0,9.0,8.0
169,5,26,128.2335738526316,9.22957894736842,-1.5990526315789473,-3.2053684210526314,0.21357894736842103,-0.404,-0.013578947368421067,-45.41736842105263,20.396315789473682,-3.347684210526316,2.0,8.0,17.0
170,5,27,132.90328856976745,8.51453488372093,-1.8316279069767443,-3.4490697674418604,0.15848837209302324,-0.42348837209302326,0.11313953488372093,-47.02848837209302,19.050232558139534,-1.0545348837209303,4.0,11.0,14.0
171,5,28,136.92159067777777,8.13811111111111,-1.35,-3.285777777777778,0.13688888888888887,-0.2997777777777778,-0.040888888888888884,-46.25844444444445,20.31811111111111,-1.3947777777777777,4.0,10.0,10.0
172,5,29,140.92788208510638,8.432978723404256,-1.133404255319149,-2.972127659574468,0.11202127659574468,-0.2969148936170213,-0.019361702127659582,-46.58117021276596,20.575531914893617,-2.1964893617021275,4.0,10.0,12.0
173,5,3,11.892616483050848,9.694576271186442,0.770593220338983,0.6821186440677965,0.05567796610169492,-0.008559322033898305,-0.05491525423728813,-45.36508474576271,15.23406779661017,-7.131016949152543,0.0,7.0,14.0
174,5,30,145.17868274390244,8.015,-1.0810975609756097,-2.332560975609756,0.022682926829268285,-0.3957317073170732,0.14378048780487804,-49.296341463414635,16.633658536585365,-5.560365853658537,2.0,9.0,15.0
175,5,4,15.942160720720722,9.852972972972973,0.5515315315315316,-0.2884684684684684,0.10117117117117118,-0.014324324324324324,-0.02747747747747748,-45.70855855855856,16.954774774774776,-3.762792792792793,0.0,5.0,14.0
176,5,5,20.183774115044248,9.778053097345133,-0.41398230088495575,0.7372566371681416,0.1392920353982301,-0.0515929203539823,-0.13106194690265488,-43.21150442477876,20.73053097345133,-8.763805309734513,0.0,7.0,16.0
177,5,6,23.95478212745098,9.737254901960785,0.11196078431372547,0.09058823529411764,0.09941176470588235,-0.0753921568627451,-0.13058823529411764,-45.43509803921569,18.14813725490196,-6.568235294117647,0.0,9.0,13.0
178,5,7,27.957493874999997,9.391730769230769,0.2283653846153846,0.28836538461538463,0.07567307692307693,-0.06817307692307692,-0.08346153846153846,-45.97086538461539,17.529903846153847,-8.451826923076924,0.0,3.0,10.0
179,5,8,31.949266264150946,9.725188679245282,0.24028301886792452,1.0572641509433962,0.1360377358490566,-0.010283018867924529,-0.10688679245283018,-44.978113207547175,17.98867924528302,-11.342830188679244,0.0,9.0,12.0
180,5,9,35.93426099082569,9.610183486238531,0.07330275229357802,0.5334862385321101,0.10908256880733944,-0.04467889908256881,-0.0873394495412844,-47.08779816513761,17.05743119266055,-10.140825688073393,0.0,9.0,16.0
181,6,1,14.423742813084111,9.468598130841121,1.8000934579439254,-0.4869158878504673,0.02299065420560747,-0.03214953271028037,-0.11672897196261682,-47.775607476635514,14.267289719626167,-3.5157943925233646,0.0,7.0,17.0
182,6,10,48.767290499999994,8.830096153846155,2.4514423076923078,0.5474038461538462,0.16721153846153847,-0.09432692307692309,-0.24028846153846153,-48.466249999999995,8.860673076923076,-8.956634615384615,0.0,3.0,8.0
183,6,11,85.86697917777778,8.994222222222222,2.278111111111111,-2.574777777777778,0.2857777777777778,-0.15988888888888889,0.07522222222222222,-45.70955555555555,11.658222222222223,0.4024444444444443,0.0,6.0,6.0
184,6,12,89.45634805,8.7309,2.9323,-1.9912,0.2722,-0.1937,0.11549999999999999,-47.115,6.8247,-2.2784999999999997,0.0,6.0,6.0
185,6,13,97.61419775949366,8.792531645569621,2.915569620253165,-1.4812658227848101,0.34164556962025316,-0.1087341772151899,0.048354430379746835,-47.43139240506329,8.472025316455696,-4.394177215189873,0.0,4.0,4.0
186,6,14,101.42682452222222,8.886222222222223,2.7965555555555555,-1.7812222222222223,0.3287777777777778,-0.10133333333333334,0.08444444444444445,-47.69588888888889,8.424333333333333,-4.3308888888888895,0.0,4.0,16.0
187,6,15,104.87545091666668,8.810952380952381,2.224047619047619,-2.0966666666666667,0.37202380952380953,-0.14285714285714285,0.04369047619047618,-48.03595238095238,9.693452380952381,-3.1175,0.0,8.0,4.0
188,6,16,108.30237287951807,9.043253012048194,1.7685542168674697,-1.9666265060240962,0.19771084337349398,-0.16156626506024097,0.10084337349397592,-47.28301204819277,11.277469879518073,-4.788313253012048,0.0,6.0,6.0
189,6,17,111.99024752325582,8.852441860465115,2.2295348837209303,-2.0096511627906977,0.2672093023255814,-0.10116279069767443,0.08779069767441862,-48.15151162790698,8.959883720930232,-4.742790697674419,0.0,6.0,4.0
190,6,18,115.36527464772726,8.802954545454545,1.7611363636363635,-2.3404545454545453,0.2439772727272727,-0.15715909090909091,0.14136363636363636,-47.9025,10.288522727272728,-2.53625,0.0,6.0,7.0
191,6,19,119.09955577894736,8.817157894736843,2.449157894736842,-2.126,0.3353684210526316,-0.1428421052631579,0.1303157894736842,-48.50421052631579,9.014842105263158,-3.3978947368421055,0.0,4.0,7.0
192,6,2,18.35055003030303,9.33989898989899,0.9498989898989899,0.705050505050505,0.15535353535353535,-0.09636363636363637,-0.07464646464646466,-44.98252525252525,18.532525252525254,-8.446666666666667,4.0,3.0,6.0
193,6,21,132.73743372941175,8.877882352941176,1.78,-2.412470588235294,0.345764705882353,-0.10694117647058823,0.12211764705882351,-48.07917647058824,11.665529411764707,-2.9339999999999997,0.0,8.0,6.0
194,6,22,147.52568070833334,8.302916666666668,-0.7009722222222222,-3.930277777777778,0.41694444444444445,-0.005138888888888881,0.22194444444444444,-45.32888888888888,15.087083333333332,1.2299999999999998,4.0,4.0,1.0
195,6,23,151.09823611111113,8.68395061728395,-1.0902469135802468,-2.4887654320987656,0.22851851851851848,-0.012345679012345668,0.15160493827160493,-44.190493827160495,18.294444444444444,-0.16666666666666655,2.0,7.0,3.0
196,6,24,154.89606906329115,8.405189873417722,-1.6429113924050631,-2.237848101265823,0.3691139240506329,-0.019113924050632915,0.003037974683544294,-42.296329113924045,21.06151898734177,-3.9693670886075947,0.0,5.0,3.0
197,6,25,158.85599256790124,8.02888888888889,-1.4460493827160494,-2.264567901234568,0.35518518518518516,-0.017283950617283945,0.09604938271604939,-42.97345679012346,20.76493827160494,-5.734814814814815,2.0,4.0,3.0
198,6,26,162.40728584615383,9.0625,-3.6728846153846155,-3.2348076923076925,-0.03788461538461538,0.04423076923076922,0.3303846153846154,-40.230192307692306,23.919615384615383,-4.835384615384616,0.0,4.0,4.0
199,6,27,165.88687367164178,7.825373134328357,-3.1101492537313433,-2.4720895522388058,0.31417910447761194,0.04656716417910448,0.15940298507462686,-40.43641791044776,22.76283582089552,-6.096716417910448,0.0,3.0,2.0
200,6,28,169.8590358111111,8.44111111111111,-1.4804444444444445,-1.9280000000000002,0.3948888888888889,-0.060000000000000005,0.09133333333333334,-42.95688888888889,20.790444444444447,-8.176222222222222,2.0,5.0,3.0
201,6,29,175.40593103614458,9.575421686746989,1.0097590361445783,-2.3626506024096385,-0.17771084337349397,0.21132530120481927,0.09650602409638553,-49.62578313253012,12.762650602409638,-1.3946987951807228,0.0,1.0,1.0
202,6,3,21.831338,9.432812499999999,0.7794791666666668,0.63625,0.11833333333333335,-0.06979166666666665,-0.10781249999999999,-44.4365625,20.018645833333334,-8.278229166666668,2.0,3.0,4.0
203,6,30,180.0284167586207,9.587586206896551,0.43317241379310345,-0.2679310344827586,-0.13317241379310343,0.11489655172413793,0.046206896551724136,-46.58489655172414,16.846482758620688,-9.564758620689656,0.0,25.0,1.0
204,6,31,185.995845,8.4115,-1.5695000000000001,-2.30775,0.334375,-0.006375000000000004,0.15375,-43.01425,20.587375,-7.807250000000001,0.0,6.0,3.0
205,6,4,25.321395033707866,9.137977528089888,1.5788764044943822,0.16179775280898878,0.2655056179775281,-0.06224719101123596,-0.25348314606741573,-45.612471910112355,16.647303370786517,-6.642921348314607,0.0,3.0,8.0
206,6,5,29.143838166666665,9.144313725490196,1.8530392156862745,-0.37892156862745097,0.16931372549019608,-0.14098039215686275,-0.09568627450980392,-48.61235294117647,13.220588235294118,-5.5058823529411764,0.0,3.0,13.0
207,6,6,32.85552888349515,9.184271844660195,1.8540776699029127,-0.17893203883495146,0.17669902912621357,-0.07106796116504854,-0.09689320388349515,-48.854077669902914,13.05,-7.258058252427185,0.0,3.0,12.0
208,6,7,36.68681922330097,8.835242718446601,2.367766990291262,-0.16737864077669906,0.17155339805825245,-0.07398058252427185,-0.14436893203883494,-48.72174757281554,10.600776699029128,-7.799902912621359,0.0,3.0,11.0
209,6,8,41.018607867768594,9.013801652892562,3.0501652892561983,-0.1849586776859504,0.17512396694214877,-0.09099173553719007,-0.09322314049586776,-50.98884297520661,5.879504132231404,-7.115206611570248,0.0,5.0,23.0
210,6,9,44.972351499999995,8.812254901960785,2.6949019607843137,0.011666666666666655,0.19166666666666668,0.014313725490196074,-0.1719607843137255,-49.680098039215686,8.144607843137255,-6.2289215686274515,0.0,5.0,17.0
211,7,1,3.025584859813084,9.521121495327103,0.7102803738317757,-0.564392523364486,-0.21074766355140187,0.0042990654205607515,-0.009065420560747665,-47.8426168224299,16.399719626168224,-0.8421495327102804,0.0,10.0,11.0
212,7,10,40.37554097435897,9.515042735042735,0.0057264957264957185,0.5806837606837607,-0.1441880341880342,-0.09230769230769231,-0.09008547008547008,-45.678290598290594,21.26136752136752,-6.842564102564103,0.0,10.0,13.0
213,7,11,57.681687193548385,7.405268817204302,-5.1281720430107525,-2.2493548387096776,-0.22408602150537635,0.07182795698924731,0.05612903225806452,-22.772903225806452,36.01849462365591,-5.369354838709677,2.0,4.0,13.0
214,7,12,68.3382624059406,7.537227722772277,-5.474059405940594,-2.262079207920792,-0.23643564356435645,0.15465346534653465,0.027425742574257426,-21.487128712871286,38.00752475247525,-6.482178217821783,4.0,4.0,7.0
215,7,13,72.2413573069307,8.00168316831683,-4.846633663366337,-2.1216831683168316,-0.3005940594059406,-0.0043564356435643525,0.027227722772277228,-23.00366336633663,37.274455445544554,-9.004554455445545,4.0,4.0,7.0
216,7,14,76.58664954867257,8.284070796460178,-4.577168141592921,-2.0950442477876106,-0.3514159292035398,-0.029026548672566377,0.057610619469026556,-26.256902654867254,36.84008849557522,-8.172035398230088,2.0,4.0,3.0
217,7,15,80.50823968131868,7.736263736263736,-3.796153846153846,-1.322197802197802,0.03351648351648352,-0.07076923076923078,-0.07043956043956046,-25.975054945054946,37.75934065934066,-8.871758241758242,6.0,4.0,9.0
218,7,16,84.69979965714286,8.383142857142857,-3.871714285714286,-2.150095238095238,-0.16076190476190474,-0.026285714285714298,0.021714285714285714,-30.06342857142857,35.84609523809524,-5.574285714285714,6.0,3.0,6.0
219,7,17,88.9463652735849,7.695849056603773,-4.171981132075472,-1.5831132075471699,-0.17952830188679247,-0.004716981132075474,0.045,-28.064999999999998,36.929811320754716,-8.829433962264151,4.0,4.0,5.0
220,7,18,93.44633631192661,8.198440366972477,-4.078990825688074,-2.1009174311926606,-0.33706422018348625,-0.008073394495412847,0.07422018348623853,-29.75788990825688,37.277522935779814,-6.208256880733946,4.0,4.0,8.0
221,7,19,97.86177985344828,8.212155172413793,-4.699137931034483,-1.764310344827586,-0.3031896551724138,-0.03396551724137931,0.006810344827586209,-27.733793103448274,38.37258620689656,-7.269051724137931,0.0,4.0,10.0
222,7,2,7.871108852173912,9.662956521739131,0.7201739130434782,0.7832173913043478,-0.11278260869565218,-0.03278260869565217,-0.013739130434782606,-46.80391304347826,17.245217391304347,-5.681043478260869,0.0,3.0,25.0
223,7,20,102.68318618181817,8.50082644628099,-3.984793388429752,-1.6409917355371901,-0.1990909090909091,0.026859504132231413,-0.054710743801652896,-29.3001652892562,37.2895867768595,-6.925619834710743,0.0,4.0,6.0
224,7,21,284.4006464494382,9.307078651685394,1.6722471910112362,-0.3453932584269663,-0.23696629213483145,-0.1552808988764045,0.05146067415730337,-44.980898876404495,16.951011235955054,-3.3820224719101124,0.0,5.0,7.0
225,7,22,288.47472801136365,9.541136363636364,1.92125,-0.2731818181818182,-0.19795454545454544,-0.10875,0.06886363636363636,-46.36897727272728,14.944886363636364,-6.362386363636364,2.0,7.0,7.0
226,7,23,291.9138595138889,9.113888888888889,2.9281944444444443,-1.0158333333333334,-0.12902777777777777,-0.19444444444444445,-0.09916666666666668,-47.28125,12.909583333333334,-5.273611111111111,2.0,5.0,6.0
227,7,24,295.3183157887324,9.210704225352114,2.535492957746479,-2.0550704225352114,-0.4192957746478873,-0.09605633802816901,0.13,-48.59830985915493,10.318450704225352,-2.335492957746479,0.0,3.0,3.0
228,7,25,298.83447540963857,9.219156626506026,2.566987951807229,-1.156746987951807,-0.26385542168674697,0.015301204819277117,0.1746987951807229,-49.81373493975904,8.999638554216867,-2.199277108433735,0.0,3.0,4.0
229,7,26,302.411796472973,8.087567567567568,2.745135135135135,-1.083918918918919,-0.19135135135135134,-0.18472972972972973,0.07608108108108108,-49.51148648648648,8.617027027027026,-4.765000000000001,2.0,3.0,5.0
230,7,27,305.8788022261905,8.822261904761906,2.168452380952381,-0.7398809523809524,-0.23023809523809524,-0.2016666666666667,-0.003690476190476199,-47.4622619047619,12.06952380952381,-6.72297619047619,0.0,3.0,10.0
231,7,28,309.3755546219512,8.468414634146342,1.3820731707317073,-0.5201219512195122,-0.33524390243902435,0.06134146341463415,0.06646341463414634,-46.968658536585366,11.803048780487805,-7.179512195121951,0.0,4.0,5.0
232,7,29,312.8942300967742,9.07989247311828,2.407096774193548,-0.8741935483870967,-0.39623655913978495,-0.23279569892473118,0.057096774193548396,-46.18827956989247,12.227741935483872,-6.292688172043011,2.0,3.0,5.0
233,7,3,11.916504776785715,9.701696428571427,0.42125,-0.3469642857142857,-0.26973214285714286,-0.05633928571428572,0.012410714285714287,-45.93767857142857,19.295714285714286,-2.907857142857143,0.0,5.0,11.0
234,7,30,316.7742805108696,8.178260869565218,-0.5218478260869565,-0.07815217391304347,-0.17652173913043476,0.10684782608695652,-0.0558695652173913,-41.22913043478261,22.169347826086955,-7.174130434782609,2.0,10.0,6.0
235,7,4,16.564754239583333,10.047395833333333,0.23708333333333334,-0.2071875,-0.26375,-0.07510416666666667,0.00552083333333333,-46.06458333333333,19.712500000000002,-5.575833333333333,2.0,6.0,10.0
236,7,5,20.47634974766355,9.607009345794394,0.523177570093458,-0.3169158878504673,-0.1652336448598131,0.04757009345794393,-0.048971962616822434,-47.73504672897196,16.765981308411217,-4.85214953271028,0.0,7.0,16.0
237,7,6,24.375747234234233,9.806396396396396,-0.07072072072072069,0.7566666666666666,-0.14675675675675676,-0.04252252252252251,-0.04081081081081081,-45.24693693693693,20.877297297297297,-9.60945945945946,2.0,6.0,10.0
238,7,7,28.40087695049505,9.502178217821783,0.31524752475247525,0.22435643564356436,-0.17544554455445543,-0.02079207920792079,-0.09396039603960396,-46.6,19.472772277227723,-6.767128712871287,0.0,8.0,18.0
239,7,8,32.303906303921565,9.25343137254902,-0.2236274509803922,0.02960784313725491,-0.143921568627451,-0.021568627450980395,-0.07107843137254902,-45.275588235294116,21.7821568627451,-5.621274509803921,0.0,8.0,13.0
240,7,9,36.31171698165138,9.569449541284403,-0.1961467889908257,-0.21779816513761469,-0.1922935779816514,-0.08541284403669726,-0.09165137614678899,-45.3894495412844,21.95174311926605,-5.27651376146789,0.0,10.0,11.0
241,8,1,24.50364234259259,9.746666666666668,1.5564814814814814,-0.3978703703703704,0.03185185185185186,0.010370370370370372,-0.07916666666666668,-46.08361111111111,15.558518518518518,-2.024537037037037,0.0,5.0,10.0
242,8,10,73.23878873076923,9.430923076923078,1.1057692307692308,-1.2654615384615384,0.028615384615384612,-0.0007692307692307683,-0.048,-49.15323076923077,15.096923076923076,-0.10261538461538461,0.0,6.0,22.0
243,8,11,77.13415055639098,9.532481203007519,1.1531578947368422,-1.048721804511278,0.03248120300751879,0.0007518796992481174,-0.0025563909774436065,-49.13578947368421,14.413609022556392,-1.4157142857142857,0.0,5.0,20.0
244,8,12,80.97861681679389,9.42290076335878,1.2589312977099236,-1.108854961832061,0.05702290076335877,-0.01015267175572519,-0.008778625954198475,-49.567938931297704,13.604885496183206,-2.32381679389313,0.0,6.0,21.0
245,8,13,99.33479630693068,8.138811881188118,2.933366336633663,-1.8989108910891088,-0.006138613861386132,0.13475247524752473,-0.1381188118811881,-50.47475247524752,5.296831683168317,0.3104950495049505,0.0,8.0,5.0
246,8,14,103.09020697,8.1522,3.6297,-1.7672999999999999,-0.06280000000000001,-0.01889999999999999,-0.0559,-50.5191,1.6673,-1.0252,0.0,8.0,10.0
247,8,15,106.8486797264151,7.969245283018868,4.188962264150944,-1.9120754716981132,-0.024811320754716985,0.01716981132075472,-0.13037735849056603,-50.075943396226414,-0.724811320754717,-0.8238679245283018,0.0,6.0,6.0
248,8,16,110.59093904385965,7.675614035087719,4.540438596491228,-1.6877192982456142,-0.0028070175438596437,0.028421052631578948,-0.15333333333333335,-50.00964912280702,-3.434561403508772,-1.9208771929824564,0.0,5.0,4.0
249,8,17,114.57200416190476,7.8828571428571435,4.697142857142857,-2.403047619047619,-0.02761904761904762,0.06980952380952382,-0.053809523809523814,-50.14628571428571,-4.8296190476190475,0.10323809523809531,0.0,6.0,6.0
250,8,18,118.32329666666666,7.546574074074074,5.173425925925926,-1.9513888888888888,-0.028425925925925917,-0.009259259259259259,-0.06518518518518518,-49.96685185185185,-7.899629629629629,-1.183148148148148,0.0,8.0,10.0
251,8,19,122.52680512781954,8.102932330827068,4.879398496240602,-1.4745112781954888,0.028195488721804513,0.04225563909774436,-0.05488721804511279,-50.95917293233082,-5.284360902255639,-1.8581954887218046,0.0,8.0,16.0
252,8,2,36.50241465,9.220166666666668,1.1323333333333332,0.4018333333333333,0.12233333333333334,0.020666666666666667,0.051833333333333335,-46.474333333333334,18.613833333333332,-6.842333333333333,0.0,0.0,11.0
253,8,20,126.67879842056074,7.369532710280374,4.590654205607477,-2.4485046728971964,-0.049532710280373836,0.06570093457943925,-0.05775700934579439,-49.928037383177575,-6.630467289719626,0.3821495327102804,0.0,6.0,4.0
254,8,21,130.8641173467742,7.833306451612904,5.060080645161291,-1.8932258064516128,0.04032258064516129,0.005483870967741941,-0.11338709677419355,-50.222822580645165,-6.955322580645162,0.026693548387096894,0.0,6.0,5.0
255,8,22,438.19123385555554,8.709666666666667,2.411888888888889,-0.0531111111111111,0.17777777777777776,0.07300000000000001,-0.15300000000000002,-47.06833333333333,10.19688888888889,-6.563888888888889,2.0,6.0,6.0
256,8,23,441.18570394047623,8.441071428571428,0.6867857142857142,-0.5822619047619048,-0.06059523809523809,-0.17095238095238094,0.08690476190476192,-46.1,12.990357142857144,-7.183809523809525,2.0,8.0,6.0
257,8,24,444.7765054022989,9.307701149425288,1.7617241379310347,-0.0803448275862069,0.15471264367816093,0.03482758620689655,-0.1336781609195402,-45.697816091954024,13.591034482758621,-8.143563218390804,0.0,6.0,8.0
258,8,25,447.95370279207924,9.085643564356435,0.6426732673267327,0.20217821782178216,0.012772277227722768,-0.05099009900990099,0.0685148514851485,-45.23009900990099,14.302871287128712,-8.944257425742574,0.0,6.0,6.0
259,8,26,451.27527822727274,8.788295454545455,1.2464772727272726,0.3328409090909091,0.025454545454545452,0.053068181818181806,-0.062386363636363636,-44.24125,16.603749999999998,-9.437045454545455,0.0,7.0,4.0
260,8,27,454.4907350352941,8.631764705882354,1.7298823529411764,0.22141176470588236,0.062000000000000006,-0.030117647058823534,0.04717647058823529,-43.68529411764706,16.24364705882353,-9.962235294117647,0.0,7.0,4.0
261,8,28,457.6870338275862,8.823793103448276,1.6219540229885059,-0.09689655172413793,0.13482758620689655,-0.05942528735632185,-0.21482758620689657,-44.05586206896552,15.448735632183908,-10.277011494252873,0.0,8.0,4.0
262,8,29,461.01688388888886,8.78588888888889,0.7513333333333334,-0.36277777777777775,-0.057111111111111106,-0.09433333333333334,-0.025999999999999992,-45.132444444444445,14.392333333333333,-8.636777777777777,0.0,5.0,6.0
263,8,3,42.474610765625,9.2903125,1.72484375,-0.80515625,0.012734375,-0.0031249999999999967,-0.026796874999999998,-47.552265625,13.4871875,-2.401484375,0.0,6.0,16.0
264,8,30,464.4296809302325,8.748023255813955,1.072674418604651,-0.6337209302325582,-0.04046511627906977,-0.06290697674418605,-0.01313953488372094,-45.30046511627907,12.848604651162791,-8.144186046511628,0.0,6.0,6.0
265,8,31,467.6069141170213,8.541702127659574,1.9222340425531914,-0.21829787234042553,0.02808510638297872,-0.08063829787234042,-0.04329787234042554,-44.22914893617021,14.698404255319147,-8.656063829787234,0.0,8.0,6.0
266,8,4,47.76902560952381,9.246857142857143,1.3776190476190477,-1.2616190476190476,0.0066666666666666645,0.020571428571428574,-0.06761904761904762,-48.08095238095238,14.318666666666667,-1.4156190476190478,0.0,6.0,4.0
267,8,5,51.869100945945945,9.50063063063063,1.4074774774774774,-1.5168468468468468,0.031711711711711714,0.010540540540540542,0.04009009009009008,-47.89828828828829,13.678288288288288,-1.0997297297297297,0.0,6.0,8.0
268,8,6,56.27353537984496,9.594263565891474,1.6946511627906977,-0.8417054263565892,0.051240310077519384,-0.03565891472868217,-0.007441860465116279,-48.41279069767442,13.315968992248061,-3.3434108527131783,0.0,6.0,9.0
269,8,7,60.404643444444446,9.221428571428572,1.4747619047619047,-0.9674603174603175,-0.043968253968253976,-0.007142857142857143,0.0012698412698412722,-48.634206349206345,13.714126984126985,-0.47746031746031753,0.0,6.0,14.0
270,8,8,65.18355847619047,9.299285714285714,1.829920634920635,-1.58515873015873,0.07777777777777778,-0.018412698412698412,-0.05888888888888888,-48.80992063492064,12.507777777777777,1.7030952380952382,0.0,6.0,13.0
271,8,9,69.27681768461538,9.351615384615386,1.2807692307692307,-1.1420000000000001,0.015384615384615382,-0.0003846153846153853,-0.028153846153846154,-49.27123076923077,14.075307692307693,-0.19384615384615392,0.0,6.0,15.0
272,9,1,25.845235677419353,9.304408602150538,1.212795698924731,-1.3141935483870968,0.0832258064516129,-0.18903225806451612,-0.20881720430107528,-45.207311827956985,17.932795698924732,-1.4750537634408603,4.0,5.0,6.0
273,9,10,59.74892221428571,9.505,1.537448979591837,-0.3892857142857143,0.07714285714285715,0.00857142857142857,-0.04010204081632654,-49.30744897959184,13.670918367346939,-5.30234693877551,2.0,9.0,16.0
274,9,11,115.89135115662651,9.003614457831326,2.2183132530120484,-1.7787951807228914,0.2153012048192771,-0.27072289156626506,-0.296144578313253,-46.67433734939759,13.108072289156627,0.436144578313253,2.0,6.0,6.0
275,9,12,120.32172103157895,8.916421052631579,2.369263157894737,-2.960526315789474,0.17821052631578946,-0.0911578947368421,-0.11115789473684211,-47.78557894736842,9.494947368421052,2.3478947368421053,2.0,9.0,9.0
276,9,13,123.9140597887324,8.438309859154929,3.1612676056338027,-1.8767605633802817,0.2892957746478873,0.01830985915492957,-0.3033802816901408,-48.430281690140845,8.209014084507043,-1.6674647887323941,0.0,6.0,8.0
277,9,14,127.05950695454545,8.987840909090908,3.064431818181818,-2.191931818181818,0.1735227272727273,-0.13045454545454546,-0.13670454545454544,-48.81340909090909,7.709545454545454,-1.526818181818182,0.0,8.0,12.0
278,9,15,130.39675860240962,8.461927710843375,3.307831325301205,-2.38289156626506,0.22180722891566265,0.06072289156626505,-0.2602409638554217,-49.370120481927714,5.5286746987951805,-0.3813253012048193,2.0,4.0,8.0
279,9,16,133.90133548148148,8.550493827160494,3.4555555555555553,-2.1529629629629627,0.18395061728395062,-0.041604938271604934,-0.2966666666666667,-49.349135802469135,7.459382716049383,-0.6365432098765432,2.0,8.0,4.0
280,9,17,137.18171147435896,8.671923076923077,3.4333333333333336,-2.991282051282051,0.18076923076923077,0.014230769230769234,-0.27474358974358976,-49.55217948717949,5.425641025641026,0.6192307692307691,0.0,4.0,4.0
281,9,18,140.8179544883721,8.825232558139534,2.637093023255814,-2.6504651162790696,0.22186046511627905,-0.025116279069767444,-0.28232558139534886,-49.025232558139535,9.520232558139535,-1.0611627906976744,0.0,15.0,6.0
282,9,19,144.4128345232558,8.963255813953488,3.0179069767441864,-2.167093023255814,0.22709302325581393,-0.06290697674418605,-0.198953488372093,-48.71325581395349,10.715348837209302,-1.4886046511627904,0.0,8.0,6.0
283,9,2,29.57972202222222,9.185333333333334,1.4326666666666665,-1.0504444444444443,0.12222222222222222,-0.10833333333333334,-0.16633333333333333,-46.22177777777778,17.15611111111111,-2.502666666666667,4.0,9.0,10.0
284,9,20,147.74467242857142,9.161098901098901,2.1607692307692306,-2.306593406593407,0.18362637362637363,-0.05626373626373626,-0.07142857142857142,-48.30835164835165,12.975604395604396,-1.9959340659340656,1.0,6.0,12.0
285,9,21,201.9796253142857,8.971428571428572,3.314857142857143,-0.2947142857142857,0.19785714285714287,-0.11285714285714286,-0.27442857142857147,-49.254714285714286,6.668285714285714,-3.233142857142857,4.0,6.0,5.0
286,9,22,205.037523,8.171463414634147,3.788170731707317,-0.8512195121951219,0.02158536585365853,0.16451219512195123,-0.17914634146341463,-49.28536585365854,-2.989512195121951,-4.130853658536585,2.0,8.0,6.0
287,9,23,213.33713481944446,7.464722222222223,4.490833333333334,0.08680555555555555,0.29680555555555554,0.1363888888888889,-0.30791666666666667,-49.303333333333335,-1.0606944444444444,-7.715972222222222,4.0,5.0,5.0
288,9,24,217.17187871830987,8.476760563380282,5.3147887323943666,-0.5911267605633803,0.12112676056338027,-0.21112676056338028,0.06971830985915493,-49.69971830985915,-2.786901408450704,-6.02169014084507,4.0,6.0,9.0
289,9,25,220.83745771641793,8.086119402985075,5.325223880597015,-2.1246268656716416,0.1707462686567164,-0.3522388059701492,-0.057462686567164176,-49.77910447761194,-1.9098507462686567,-3.8007462686567166,4.0,6.0,5.0
290,9,26,224.17470887142858,6.680714285714285,4.255571428571429,-1.937857142857143,0.40571428571428575,0.11614285714285713,-0.3527142857142857,-49.028999999999996,-4.135428571428572,-3.930285714285714,6.0,6.0,5.0
291,9,27,227.72123776119403,7.714328358208955,4.362388059701492,-3.4870149253731344,0.35402985074626864,0.07492537313432837,-0.005522388059701483,-49.76238805970149,-8.91865671641791,1.7102985074626866,4.0,6.0,9.0
292,9,28,231.35954973913044,6.11768115942029,5.444927536231884,-3.0092753623188404,0.14956521739130435,0.07231884057971015,-0.25420289855072464,-48.86898550724638,-7.6124637681159415,0.1384057971014493,6.0,6.0,8.0
293,9,29,234.82547820895522,6.753731343283582,5.92134328358209,0.7716417910447761,0.19597014925373135,0.19671641791044775,-0.2759701492537313,-48.27507462686567,-9.52820895522388,-10.125373134328358,2.0,4.0,8.0
294,9,3,33.191121267326736,9.495841584158416,1.2247524752475247,-1.2505940594059406,0.1012871287128713,-0.10277227722772278,-0.07207920792079209,-46.37168316831683,15.926930693069306,-2.5215841584158416,2.0,7.0,11.0
295,9,30,245.06497883749998,6.7143749999999995,5.052375,-0.18274999999999997,0.05450000000000001,0.141125,-0.274375,-47.295625,-5.0329999999999995,-7.360625000000001,8.0,6.0,8.0
296,9,31,250.12209466197186,5.622676056338028,6.234084507042254,-0.5091549295774649,0.19788732394366199,-0.1491549295774648,-0.306056338028169,-47.57507042253521,-4.797042253521126,-6.333521126760563,6.0,6.0,7.0
297,9,4,36.73560178,9.5848,1.1127,-0.8736,0.165,-0.1115,-0.1149,-46.9329,15.851400000000002,-4.7057,2.0,7.0,12.0
298,9,5,40.500375621359225,9.556796116504854,1.4445631067961164,-1.207378640776699,0.11145631067961166,0.02281553398058252,-0.07689320388349516,-48.157572815533975,13.849223300970873,-1.5851456310679612,2.0,11.0,15.0
299,9,6,44.13802114851485,9.391980198019802,1.154158415841584,-0.37089108910891083,0.16198019801980199,-0.007128712871287123,-0.05504950495049504,-47.853960396039604,14.977425742574258,-5.7457425742574255,2.0,11.0,17.0
300,9,7,48.06072607228916,9.417469879518071,1.9024096385542169,-0.8597590361445783,0.166144578313253,-0.10722891566265061,-0.13096385542168673,-48.42493975903614,13.195301204819277,-2.3901204819277106,2.0,5.0,9.0
301,9,8,51.988458959183674,9.44,1.4983673469387755,-0.2648979591836735,0.13653061224489796,-0.08734693877551021,-0.11428571428571428,-48.87704081632653,13.497448979591837,-4.9622448979591836,0.0,6.0,19.0
302,9,9,55.74914493814433,9.44979381443299,1.8094845360824743,-0.8372164948453609,0.0711340206185567,-0.043092783505154636,-0.06216494845360824,-49.055360824742266,11.544845360824741,-3.672680412371134,2.0,4.0,13.0
