groupe,label,iteration,t,raw_acceleration_x,raw_acceleration_y,raw_acceleration_z,rotation_speed_x,rotation_speed_y,rotation_speed_z,magnetic_field_x,magnetic_field_y,magnetic_field_z,nb_sign_changes_acceleration_x,nb_sign_changes_acceleration_y,nb_sign_changes_acceleration_z
1,0,1,0.6484216363636361,-8.822272727272727,-1.573939393939394,-2.272727272727273,0.10575757575757574,-0.0543939393939394,-0.22954545454545455,35.00090909090909,32.51833333333333,10.020454545454546,0.0,5.0,5.0
1,0,10,0.6759406857142826,-7.064285714285714,-6.824571428571429,0.5897142857142857,0.05157142857142857,-0.06285714285714286,-0.111,27.915857142857146,10.123714285714286,-21.564714285714285,0.0,2.0,12.0
1,0,11,0.7245998493150668,-6.564657534246575,1.3424657534246576,-4.111095890410959,0.25465753424657533,-0.23534246575342466,0.25767123287671234,19.666027397260272,-9.960684931506849,-8.912602739726028,4.0,10.0,6.0
1,0,12,0.8907688064516152,-6.887311827956989,4.68763440860215,-2.674516129032258,0.373010752688172,-0.3046236559139785,-0.33881720430107526,1.0305376344086021,-38.85376344086021,0.5151612903225807,6.0,10.0,8.0
1,0,13,1.1308070263157888,-6.819210526315789,5.1528947368421045,-2.424298245614035,0.135,0.2832456140350877,-0.3228070175438596,24.319824561403507,-15.556842105263158,-15.759035087719298,2.0,6.0,8.0
1,0,14,0.5731942413793082,-2.061034482758621,5.616034482758621,-6.421206896551724,0.42482758620689653,-1.2360344827586207,-0.49120689655172417,26.737068965517242,-19.55948275862069,3.3782758620689655,4.0,2.0,1.0
1,0,15,0.8712268764044877,-1.4724719101123598,3.7042696629213485,-4.70685393258427,1.083370786516854,-0.12393258426966293,0.3747191011235955,32.47808988764045,-30.412022471910113,1.9591011235955054,14.0,13.0,13.0
1,0,16,0.8932648666666612,-8.101666666666667,2.6252222222222223,-2.933888888888889,0.3261111111111111,-0.2752222222222222,-0.38466666666666666,30.54111111111111,6.196111111111111,-17.456555555555553,2.0,8.0,4.0
1,0,2,0.6455486666666669,-9.13969696969697,-1.6192424242424244,-1.4987878787878788,0.044393939393939395,0.012272727272727277,-0.12181818181818183,35.88545454545454,32.33227272727272,6.507272727272728,0.0,6.0,8.0
1,0,3,0.6401343846153854,1.3233846153846154,0.4863076923076923,-9.520615384615384,0.2263076923076923,-0.025076923076923073,-0.10707692307692308,9.049692307692307,15.155384615384616,48.289692307692306,2.0,3.0,0.0
1,0,4,0.5904534500000007,0.442,-0.04316666666666667,-9.325999999999999,0.17366666666666666,-0.06149999999999999,-0.163,15.173833333333333,14.504,44.374,2.0,4.0,0.0
1,0,5,0.8447030588235305,1.561764705882353,0.7196470588235294,-9.68964705882353,0.28400000000000003,-0.13976470588235296,-0.2777647058823529,-13.354705882352942,-7.787058823529412,43.26858823529412,4.0,5.0,0.0
1,0,6,1.2205321788617856,-8.174634146341463,-3.936991869918699,-1.8701626016260162,0.25073170731707317,-0.12333333333333334,-0.1230081300813008,30.928211382113822,5.481869918699187,-12.432926829268293,0.0,1.0,8.0
1,0,7,0.7246632972973007,-8.002972972972973,-5.069864864864865,-1.258918918918919,0.18878378378378377,-0.054459459459459465,-0.10432432432432433,31.59135135135135,9.218648648648648,-14.872702702702702,0.0,0.0,8.0
1,0,8,0.8879835333333329,-7.702999999999999,-5.7556666666666665,-0.31022222222222223,0.062,-0.04988888888888889,-0.05766666666666666,29.34188888888889,9.730555555555556,-17.35988888888889,0.0,0.0,13.0
1,0,9,0.7524949210526284,-7.229473684210527,-6.703289473684211,0.42000000000000004,0.049999999999999996,-0.045394736842105265,-0.13223684210526318,28.140394736842108,10.684342105263157,-19.488947368421055,0.0,0.0,13.0
1,1,1,0.45379995652173916,-7.188043478260869,-4.354130434782609,-3.8391304347826085,0.44608695652173913,0.3869565217391305,0.0741304347826087,21.554565217391303,29.68565217391304,-0.1508695652173912,6.0,2.0,2.0
1,1,10,0.6425047076923112,4.405384615384616,-8.012615384615385,0.48815384615384616,-0.09799999999999999,0.07938461538461539,-0.14184615384615382,-1.9127692307692308,19.63230769230769,-20.092615384615385,2.0,4.0,11.0
1,1,11,0.7407742266666703,3.8613333333333335,-8.707733333333334,0.31146666666666667,-0.22186666666666668,0.2188,-0.11573333333333333,1.7898666666666665,23.031733333333335,-17.59173333333333,4.0,0.0,13.0
1,1,12,0.770024807692311,-8.598589743589745,0.8982051282051282,-4.042051282051282,0.3280769230769231,0.07756410256410258,0.18269230769230768,37.36179487179487,-26.086153846153845,12.921153846153846,2.0,14.0,4.0
1,1,13,0.7900827625000006,-8.656875,0.53275,-3.4234999999999998,0.2875,-0.0019999999999999983,0.15175,32.90325,-25.312875,12.805875,2.0,13.0,6.0
1,1,14,0.7534779078947387,-8.491052631578947,-0.6161842105263158,-2.694736842105263,0.19592105263157897,-0.007105263157894732,-0.02631578947368421,33.231184210526315,-22.001315789473683,11.574736842105262,0.0,13.0,4.0
1,1,15,0.6117313548387091,-8.063709677419356,-0.6811290322580645,-2.606451612903226,0.36258064516129035,-0.07596774193548386,0.13951612903225807,30.56096774193548,-23.688064516129035,11.51532258064516,2.0,18.0,4.0
1,1,16,0.6619344179104498,-9.217761194029851,-1.5770149253731343,-1.0177611940298508,0.026567164179104482,0.35208955223880595,0.08940298507462686,35.794626865671646,-20.257014925373134,9.540597014925373,0.0,8.0,7.0
1,1,17,2.6210707262357467,0.03239543726235742,-0.11292775665399239,-9.760760456273763,-0.002243346007604563,0.003840304182509506,-0.010418250950570343,-12.175209125475284,-16.800608365019013,-29.167604562737644,46.0,58.0,0.0
1,1,2,0.5831136271186439,-7.7211864406779664,-4.713728813559322,-2.312372881355932,0.49,0.4610169491525424,-0.08830508474576272,18.669999999999998,32.979491525423725,-7.766271186440678,6.0,4.0,4.0
1,1,3,0.49314068627450947,-8.839019607843138,-4.4547058823529415,-1.407058823529412,0.6264705882352941,0.5501960784313725,-0.2984313725490196,20.44058823529412,24.085882352941173,-7.366862745098039,2.0,4.0,4.0
1,1,4,0.5285100740740742,-6.440555555555556,-4.605370370370371,-1.4944444444444445,0.5218518518518519,0.49148148148148146,-0.11944444444444446,18.912777777777777,26.221851851851852,-7.361666666666666,2.0,2.0,6.0
1,1,5,0.4004425500000006,-6.8035,-6.627,0.15050000000000002,-0.022000000000000006,0.34025,0.10325,20.1595,21.30775,-8.589749999999999,0.0,0.0,4.0
1,1,6,0.4104900952380954,-5.3100000000000005,-6.87952380952381,0.0014285714285714192,0.04857142857142857,0.3778571428571429,-0.003333333333333342,18.56642857142857,25.723571428571432,-8.23904761904762,0.0,0.0,6.0
1,1,7,0.6802247971014498,3.2510144927536233,-8.375652173913043,0.15492753623188407,-0.14289855072463767,0.20072463768115942,-0.25130434782608696,-6.6640579710144925,24.350144927536235,-20.152463768115943,0.0,0.0,7.0
1,1,8,0.7812135189873409,2.85,-8.344936708860759,1.3102531645569622,-0.05822784810126582,0.16063291139240507,-0.28037974683544303,6.799620253164557,21.973924050632913,-19.78658227848101,6.0,0.0,10.0
1,1,9,0.7577848701298732,3.8514285714285714,-8.196363636363637,1.1815584415584417,-0.1742857142857143,0.1544155844155844,-0.19545454545454546,-1.0525974025974025,19.997792207792205,-21.842857142857145,6.0,2.0,11.0
1,2,1,0.7879765121951218,-1.965121951219512,-4.633170731707318,-8.029268292682927,0.42597560975609755,0.3123170731707317,-0.1928048780487805,10.602926829268291,1.396341463414634,25.795365853658534,4.0,4.0,2.0
1,2,10,0.9513197448979562,-1.923061224489796,3.3043877551020406,-8.848877551020408,0.11020408163265306,0.032346938775510196,0.28040816326530615,-2.329795918367347,-33.25397959183673,12.960408163265305,4.0,3.0,0.0
1,2,11,1.2238728400000016,-0.88448,3.4403200000000003,-9.05192,0.0644,0.04648000000000001,0.15296,-0.14647999999999992,-35.094800000000006,9.826799999999999,18.0,0.0,0.0
1,2,12,0.7994127654321009,-1.2351851851851852,3.014567901234568,-9.14320987654321,0.20580246913580244,-0.06185185185185185,0.4493827160493827,6.221481481481481,-32.66728395061729,12.140246913580247,3.0,2.0,0.0
1,2,13,0.9933478613861404,-7.655742574257426,-3.57009900990099,-2.672673267326733,0.28029702970297027,0.25653465346534654,0.07514851485148515,37.94188118811881,6.805544554455445,1.4633663366336636,6.0,8.0,5.0
1,2,14,0.7182941643835558,-7.187534246575344,-4.215205479452054,-3.642054794520548,0.4006849315068493,0.14246575342465753,0.02602739726027397,38.53849315068493,7.413835616438357,3.6846575342465755,2.0,7.0,2.0
1,2,15,0.9806930707070763,-7.313838383838385,-3.946969696969697,-3.6148484848484848,0.0912121212121212,0.08151515151515151,-0.1276767676767677,36.63080808080808,5.465656565656566,4.382929292929293,4.0,7.0,2.0
1,2,16,0.977629959183675,-7.435102040816326,-3.306734693877551,-3.6164285714285715,0.12214285714285715,0.03602040816326531,-0.009183673469387766,36.114285714285714,1.8211224489795919,4.928979591836735,2.0,6.0,2.0
1,2,17,1.0422051132075414,-7.444528301886793,-4.058679245283019,-2.7822641509433965,0.07311320754716981,0.1309433962264151,-0.040283018867924514,38.861132075471694,6.192169811320754,2.54377358490566,6.0,8.0,6.0
1,2,18,0.861962897727268,-6.813522727272727,5.721136363636363,-1.6429545454545456,0.2778409090909091,0.2114772727272727,-0.08897727272727272,9.868295454545454,-30.0875,-0.5343181818181818,6.0,8.0,7.0
1,2,2,0.8354280833333332,-3.5820238095238093,-5.518690476190476,-6.441428571428572,0.5266666666666667,0.24833333333333332,0.08690476190476189,26.08214285714286,7.421547619047619,19.055357142857144,1.0,4.0,2.0
1,2,3,0.7582918311688313,-4.754025974025974,-4.507142857142857,-5.706623376623377,0.2127272727272727,0.6449350649350649,0.24181818181818182,30.69883116883117,0.3157142857142857,17.446233766233764,0.0,6.0,2.0
1,2,4,0.8044571547619044,-3.750357142857143,-7.619761904761906,-2.9247619047619047,0.02773809523809524,0.5876190476190476,-0.07333333333333333,26.541785714285712,14.425357142857143,15.607857142857142,2.0,2.0,3.0
1,2,5,1.0381957333333331,-6.018952380952381,-2.674,-4.657238095238095,-0.3292380952380952,0.6282857142857142,0.1699047619047619,31.819904761904763,-3.0685714285714285,8.651619047619047,0.0,8.0,1.0
1,2,6,0.7687113544303791,-4.0470886075949375,-5.287848101265823,-4.508481012658228,0.18430379746835446,0.9270886075949366,0.21164556962025316,27.381645569620254,5.257974683544304,15.098227848101265,2.0,7.0,3.0
1,2,7,0.8079428765432096,-1.992962962962963,4.189629629629629,-8.694444444444445,0.12580246913580245,-0.08185185185185186,0.07753086419753087,-4.197530864197531,-29.96185185185185,10.299382716049383,7.0,2.0,0.0
1,2,8,0.9574340947368432,0.8454736842105263,5.432631578947369,-8.369368421052632,0.098,-0.0788421052631579,-0.1685263157894737,3.8006315789473684,-34.52431578947368,5.517052631578947,1.0,0.0,0.0
1,2,9,0.8852252921348299,-2.281123595505618,3.161573033707865,-8.730786516853932,0.12393258426966292,0.08359550561797752,0.3624719101123595,-1.0535955056179775,-29.655617977528088,17.575280898876404,4.0,2.0,0.0
1,3,1,0.9445556526315791,8.830947368421052,2.5511578947368423,1.2336842105263157,0.10052631578947369,-0.012210526315789477,-0.16010526315789472,-13.33757894736842,-0.37484210526315787,5.850947368421053,0.0,6.0,4.0
1,3,10,0.7401352400000011,-6.3111999999999995,-2.5140000000000002,-5.4924,0.202,0.3250666666666667,-0.28026666666666666,32.279599999999995,-16.218666666666667,-2.9844000000000004,4.0,6.0,6.0
1,3,11,0.8166847857142854,-6.1085714285714285,-1.886785714285714,-6.191190476190475,0.1630952380952381,0.23809523809523808,-0.27095238095238094,31.356547619047618,-12.285833333333333,-0.07047619047619046,4.0,6.0,3.0
1,3,12,0.9490881157894732,-6.632421052631579,-5.788736842105263,-1.5696842105263158,-0.37515789473684213,0.3374736842105263,-0.06378947368421053,34.98305263157894,10.942,-10.866,2.0,8.0,13.0
1,3,13,0.855890686046508,-6.428255813953489,-5.212674418604651,-2.9375581395348838,-0.4566279069767442,0.3116279069767442,-0.2881395348837209,36.81325581395349,11.220697674418604,-6.703604651162791,8.0,10.0,9.0
1,3,14,0.7172483698630151,-5.942602739726027,-5.0313698630136985,-3.7798630136986304,-0.4471232876712329,0.5797260273972603,0.03438356164383562,35.367123287671234,12.461643835616439,-8.387123287671233,4.0,6.0,8.0
1,3,15,0.7510901466666665,-6.308000000000001,-4.8672,-4.374666666666667,-0.3136,0.4992,-0.016533333333333337,37.3964,12.364666666666666,-6.0414666666666665,6.0,7.0,9.0
1,3,16,1.1051459999999993,-4.885495495495495,-5.858648648648648,-3.3125225225225226,-0.346036036036036,0.22819819819819823,-0.5617117117117117,34.24981981981982,17.356126126126124,12.712072072072072,6.0,7.0,9.0
1,3,2,1.0978007410714283,8.729285714285714,2.4935714285714288,0.18803571428571428,0.08830357142857144,-0.06098214285714286,-0.24562499999999998,-28.423928571428572,8.793125,7.534375,0.0,8.0,5.0
1,3,3,1.201159188524589,8.367377049180329,1.6154098360655735,-1.3658196721311475,0.022295081967213106,-0.10573770491803279,-0.4997540983606557,-25.991639344262296,12.802049180327868,9.67016393442623,2.0,7.0,7.0
1,3,4,0.8306461294117661,8.912117647058823,1.7758823529411762,0.5308235294117647,0.022823529411764694,-0.11670588235294117,-0.27282352941176474,-28.24011764705882,10.098823529411764,6.376705882352941,0.0,4.0,5.0
1,3,5,0.8403198470588249,9.01435294117647,1.5223529411764707,-0.39611764705882346,0.03741176470588236,-0.06529411764705882,-0.21400000000000002,-27.374,8.888352941176471,11.238,0.0,4.0,5.0
1,3,6,0.846575885057472,8.892183908045977,2.3229885057471265,-1.3085057471264367,0.14758620689655172,-0.10988505747126437,-0.2371264367816092,-26.514597701149427,7.517816091954023,13.71816091954023,0.0,8.0,5.0
1,3,7,0.6786754558823525,-0.14632352941176469,2.0044117647058823,-8.750735294117646,0.18705882352941175,-0.2051470588235294,0.3276470588235294,24.501470588235293,-18.639705882352942,27.225441176470586,10.0,3.0,0.0
1,3,8,0.7749772179487183,-7.052820512820513,-2.147051282051282,-5.065256410256411,0.48217948717948717,-0.5835897435897436,-0.12666666666666668,38.37551282051282,-11.067051282051283,-0.032948717948717905,2.0,5.0,4.0
1,3,9,0.7823556794871784,-7.0560256410256414,-1.9464102564102563,-4.776410256410257,0.13538461538461538,0.23756410256410257,-0.31461538461538463,32.127435897435895,-18.42653846153846,-1.9635897435897436,4.0,5.0,5.0
1,4,1,1.0634495140186926,-8.905327102803739,-1.591214953271028,-3.1588785046728973,-0.06897196261682242,-0.2118691588785047,-0.23485981308411213,28.25065420560748,-12.602990654205607,14.680654205607476,0.0,5.0,8.0
1,4,10,0.7405182533333368,-8.147466666666668,3.6297333333333337,-4.313066666666667,-0.22,0.013733333333333321,-0.5366666666666666,-1.2928000000000002,-29.665866666666666,-0.5901333333333334,4.0,4.0,8.0
1,4,11,0.7269909589041145,-9.081232876712328,2.1182191780821915,-3.5579452054794523,-0.4021917808219178,0.07958904109589039,-0.5582191780821918,0.9282191780821915,-30.214657534246577,-1.32,4.0,8.0,6.0
1,4,12,1.150587165217388,9.028260869565218,1.1037391304347828,-2.918608695652174,0.12765217391304348,-0.418695652173913,0.13330434782608697,-48.68573913043478,22.00130434782609,-9.591999999999999,6.0,15.0,9.0
1,4,13,1.1933818999999937,9.478333333333333,1.0681666666666667,-4.046833333333334,0.015416666666666669,-0.2813333333333333,0.16224999999999998,-49.23158333333333,20.953333333333333,-4.948583333333334,4.0,23.0,8.0
1,4,14,1.1074749909909918,8.553333333333333,1.0673873873873874,-3.3275675675675678,0.03531531531531531,-0.22450450450450452,-0.13657657657657657,-47.004954954954954,20.824594594594597,-9.93990990990991,6.0,20.0,4.0
1,4,15,0.9102194945054961,8.002527472527472,2.252967032967033,-4.447912087912088,0.09351648351648352,-0.30582417582417587,-0.1489010989010989,-49.533516483516486,16.343846153846155,-6.998681318681319,8.0,14.0,4.0
1,4,16,1.2198699016393497,8.561475409836065,0.040327868852458974,-3.4027868852459013,0.21188524590163932,-0.3555737704918033,-0.012786885245901632,-46.33795081967213,26.409508196721312,-6.277540983606557,5.0,16.0,5.0
1,4,2,0.7997361585365844,-9.616219512195121,-1.2067073170731708,-1.7352439024390243,-0.30329268292682926,0.18951219512195122,-0.23280487804878047,30.781463414634146,-15.189634146341463,13.717682926829267,0.0,5.0,2.0
1,4,3,0.8956993369565219,-8.67467391304348,-0.44413043478260866,-4.034130434782608,-0.1373913043478261,-0.3410869565217391,-0.27206521739130435,23.951521739130435,-18.968695652173913,21.214239130434784,0.0,3.0,4.0
1,4,4,0.8432169195402326,-9.288620689655172,-0.33091954022988507,-2.240229885057471,0.3175862068965517,0.24057471264367816,-0.30091954022988504,23.92057471264368,-16.293218390804597,14.949770114942527,2.0,7.0,8.0
1,4,5,0.7921300749999992,-9.772375,-0.43537499999999996,-2.006625,-0.12412500000000001,0.008874999999999989,-0.11187500000000002,26.83225,-11.37375,13.840125,2.0,10.0,4.0
1,4,6,1.1293980530973426,-7.118672566371681,4.773451327433628,-4.493451327433628,0.16681415929203539,0.15336283185840707,-0.24460176991150442,0.8834513274336283,-31.86840707964602,7.17212389380531,4.0,2.0,2.0
1,4,7,0.8938653222222198,-7.632666666666667,4.0425555555555555,-4.657222222222222,-0.21966666666666665,0.07166666666666667,-0.2217777777777778,2.8396666666666666,-30.004555555555555,0.5654444444444444,2.0,2.0,4.0
1,4,8,0.8105784756097614,-7.80560975609756,5.064024390243903,-2.553292682926829,-0.2832926829268293,0.17719512195121953,-0.359390243902439,-3.238536585365854,-29.95731707317073,-3.0012195121951217,6.0,2.0,8.0
1,4,9,0.9055320107526849,-7.783333333333333,4.169247311827957,-2.6808602150537633,-0.015483870967741944,0.2006451612903226,-0.1274193548387097,-5.79010752688172,-30.0547311827957,0.8050537634408602,6.0,4.0,10.0
1,5,1,1.1927036386554617,0.47478991596638653,2.410168067226891,-9.143193277310925,-0.10932773109243697,0.21941176470588236,-0.1650420168067227,9.269495798319328,-21.164453781512606,28.057563025210083,7.0,6.0,0.0
1,5,10,0.9117506774193544,-4.650967741935484,7.440430107526882,0.0007526881720429756,-0.028817204301075264,0.2553763440860215,-0.2595698924731183,-14.195913978494623,-33.409892473118276,-1.146236559139785,6.0,4.0,13.0
1,5,11,0.673859333333331,-6.823478260869565,6.4,-1.2381159420289853,-0.5036231884057971,0.21753623188405796,-0.32217391304347825,-14.051159420289855,-32.46144927536232,-0.41521739130434787,12.0,4.0,5.0
1,5,12,0.9276982580645201,6.66236559139785,3.666451612903226,-4.326881720430107,0.41397849462365593,-0.13096774193548386,-0.16731182795698923,-35.42376344086021,-1.4519354838709677,-12.290430107526882,8.0,12.0,7.0
1,5,13,1.1340191228070196,6.242982456140351,5.3835964912280705,-4.776578947368421,0.3900877192982456,0.08026315789473683,-0.28175438596491226,-36.021842105263154,-10.141842105263159,-9.701491228070175,12.0,10.0,15.0
1,5,15,0.6110413015873035,4.443650793650794,3.0625396825396827,-7.0476190476190474,0.8368253968253968,0.05619047619047615,-0.1815873015873016,-36.387142857142855,-6.359047619047619,-4.973968253968255,3.0,8.0,10.0
1,5,16,1.1415920964912352,6.169561403508772,4.923245614035087,-4.728070175438597,0.20078947368421052,-0.057807017543859654,-0.26649122807017545,-39.14736842105263,-9.564649122807017,-8.015701754385965,6.0,8.0,12.0
1,5,17,0.8505000344827626,6.035977011494253,3.7766666666666664,-5.95,0.3948275862068965,-0.1395402298850575,-0.2619540229885058,-40.093563218390806,-3.772413793103448,-4.082068965517241,6.0,8.0,7.0
1,5,2,1.1062592342342346,0.8941441441441441,2.045855855855856,-9.14963963963964,-0.17504504504504503,0.23846846846846845,-0.13414414414414416,7.952162162162161,-18.993513513513516,31.29099099099099,9.0,6.0,0.0
1,5,3,1.1339272368421072,1.3580701754385964,2.820350877192982,-9.083947368421052,-0.08666666666666666,0.15552631578947368,-0.18280701754385964,5.6265789473684205,-22.467017543859647,28.412368421052633,15.0,10.0,0.0
1,5,4,1.0545194392523372,1.5805607476635515,2.137570093457944,-9.184672897196261,0.007663551401869161,0.14850467289719624,-0.21084112149532708,7.7784112149532705,-18.69551401869159,30.257383177570095,7.0,10.0,0.0
1,5,5,1.0392725576923085,1.8875961538461539,1.6498076923076925,-9.250096153846155,-0.06432692307692309,0.25125,-0.20625,6.928653846153846,-17.654038461538462,30.839038461538458,9.0,8.0,0.0
1,5,6,0.9872320404040381,-5.391919191919191,7.765656565656565,1.8267676767676768,-0.2293939393939394,0.46565656565656566,-0.198989898989899,-12.765757575757576,-31.21030303030303,-6.917272727272727,0.0,2.0,8.0
1,5,7,0.519754660377361,-6.569056603773585,6.279622641509434,2.817735849056604,-0.10603773584905661,0.19679245283018867,-0.38018867924528305,-12.509622641509434,-29.335094339622643,-11.354528301886791,6.0,5.0,6.0
1,5,8,0.8780143033707855,-5.520898876404495,7.677977528089888,1.8900000000000001,-0.29179775280898873,0.3107865168539326,-0.0035955056179775126,-15.157865168539326,-28.449662921348313,-10.903707865168538,6.0,6.0,8.0
1,5,9,0.5037909811320754,-6.791320754716981,5.9286792452830195,1.6820754716981132,-0.26339622641509436,0.24037735849056602,-0.38,-16.794528301886793,-27.563584905660374,-9.878867924528302,8.0,6.0,6.0
1,6,1,0.5389373392857146,3.3432142857142857,3.4666071428571428,-7.9210714285714285,0.013571428571428576,-0.09392857142857144,-0.2619642857142857,-28.230357142857144,-1.3551785714285711,25.45625,1.0,4.0,0.0
1,6,10,0.47979731249999996,-0.0774999999999999,-1.2041666666666666,-8.372708333333334,-0.35312499999999997,0.18083333333333332,-1.0095833333333333,23.874375,-25.124375,14.13875,4.0,3.0,4.0
1,6,11,1.0663767685185181,7.089722222222223,1.8935185185185186,-4.24962962962963,0.47055555555555556,-0.1575,0.47453703703703703,-34.040740740740745,13.463055555555556,-9.896388888888888,8.0,6.0,7.0
1,6,12,0.9044712444444417,6.647,0.7576666666666666,-4.847,0.591111111111111,-0.22955555555555557,0.3035555555555556,-33.824333333333335,15.772111111111112,-7.364,10.0,5.0,15.0
1,6,13,0.679886260869562,7.997826086956522,3.2565217391304344,-2.2495652173913046,0.38420289855072465,-0.18144927536231883,-0.12739130434782608,-40.326521739130435,11.252173913043478,-9.71782608695652,6.0,5.0,11.0
1,6,14,0.8167021445783087,7.5043373493975905,2.900843373493976,-3.317710843373494,0.4585542168674699,-0.1133734939759036,0.04674698795180723,-39.13590361445783,10.607469879518073,-7.662289156626507,4.0,5.0,7.0
1,6,15,0.7816736794871784,4.789871794871795,3.7791025641025646,-8.638076923076923,0.6584615384615384,-0.12038461538461537,0.3107692307692308,-38.80064102564102,4.539358974358974,2.355,6.0,4.0,5.0
1,6,2,0.6280111111111116,0.28222222222222226,5.527777777777778,-7.903015873015873,0.30031746031746037,-0.23968253968253966,-0.686984126984127,-21.306984126984126,-7.654285714285714,29.525714285714283,4.0,3.0,0.0
1,6,3,0.6370682812499996,1.57125,4.28703125,-8.11625,0.07921875,-0.13937500000000003,-0.22968750000000002,-22.2665625,-3.5056249999999998,30.04765625,2.0,4.0,0.0
1,6,4,0.8539252325581393,2.709186046511628,5.173488372093024,-7.275465116279069,0.14453488372093024,-0.09348837209302324,-0.3725581395348837,-23.948837209302326,-5.373720930232558,28.804651162790694,2.0,7.0,0.0
1,6,5,0.8359207647058853,3.0248235294117647,5.355058823529411,-6.933411764705883,0.1751764705882353,-0.09764705882352939,-0.3448235294117647,-25.64929411764706,-6.347999999999999,27.30023529411765,2.0,6.0,0.0
1,6,6,0.6615283134328367,2.9359701492537313,-0.19373134328358207,-8.038507462686567,0.32179104477611936,-0.1265671641791045,-0.4995522388059701,2.8916417910447763,-23.869701492537313,26.590746268656716,4.0,4.0,4.0
1,6,7,0.6172197258064487,-6.515483870967741,-1.104516129032258,-5.679838709677419,-0.5767741935483871,0.17903225806451611,-0.45822580645161287,28.330161290322582,-23.53338709677419,5.163064516129032,4.0,4.0,10.0
1,6,8,0.5437607272727297,-4.392181818181818,-3.043636363636364,-6.028181818181818,-0.4552727272727273,0.04054545454545456,-0.5692727272727273,31.081818181818182,-17.491454545454545,10.32690909090909,4.0,5.0,4.0
1,6,9,0.47864232000000156,0.95,1.2357999999999998,-8.025,-0.03559999999999999,-0.3554,-0.855,16.8398,-29.5838,16.358,3.0,3.0,4.0
1,7,1,0.6787339852941109,-1.980735294117647,-6.093823529411765,-5.113088235294118,-0.4163235294117647,1.2338235294117648,-0.20926470588235294,24.951764705882354,21.80735294117647,32.76720588235294,4.0,2.0,1.0
1,7,10,0.5830655333333375,8.120666666666667,2.231,-5.037833333333333,0.041500000000000016,-0.49399999999999994,-0.02366666666666667,-40.13766666666667,7.097666666666667,-3.0206666666666666,3.0,6.0,7.0
1,7,11,0.7185772238806098,7.421194029850747,1.637462686567164,-4.896417910447761,0.06671641791044777,-0.7240298507462686,0.12373134328358211,-38.689850746268654,9.415074626865671,-0.8044776119402984,4.0,16.0,5.0
1,7,12,0.6046148999999924,8.174166666666666,2.2811666666666666,-2.7743333333333333,-0.014500000000000008,-0.36466666666666664,0.1315,-42.2355,9.981833333333332,-3.533666666666667,2.0,8.0,4.0
1,7,13,0.5800501206896558,8.755172413793103,2.648103448275862,-4.626896551724138,0.1660344827586207,-0.5213793103448275,-0.1829310344827586,-42.084482758620695,7.279137931034483,-3.1724137931034484,2.0,4.0,7.0
1,7,14,0.595403269841257,-5.510476190476191,-6.791428571428572,-4.234285714285714,-0.3036507936507936,0.09999999999999999,-0.2833333333333334,30.32238095238095,-3.0776190476190473,7.8474603174603175,2.0,4.0,2.0
1,7,15,0.5472124285714227,-4.951785714285714,-7.317142857142857,-4.698571428571428,-0.4114285714285714,0.10660714285714283,-0.31375000000000003,31.421607142857145,-1.7235714285714285,1.0073214285714285,2.0,2.0,2.0
1,7,16,0.5581236666666782,-5.816140350877193,-6.929122807017545,-3.8310526315789475,-0.37035087719298243,0.2652631578947368,-0.39035087719298245,32.2559649122807,-5.365614035087719,-4.681228070175439,2.0,2.0,2.0
1,7,17,0.5854019000000102,-4.6705000000000005,-6.983333333333333,-4.291666666666667,-0.4715,0.05916666666666667,-0.3733333333333333,27.802500000000002,-2.4911666666666665,-6.929666666666667,4.0,2.0,6.0
1,7,18,0.33415419444443967,-3.1980555555555554,-5.483333333333333,-7.11361111111111,-1.3294444444444444,0.31972222222222224,-0.5308333333333333,26.22416666666667,-0.26972222222222203,-7.049166666666667,3.0,2.0,1.0
1,7,19,0.4821757708333294,-3.969791666666667,-6.728750000000001,-4.916041666666667,-0.5745833333333333,0.17229166666666665,-0.4560416666666667,28.514375,-3.0854166666666667,-9.158333333333333,2.0,2.0,2.0
1,7,2,0.6915260142857148,-5.2137142857142855,-4.522285714285714,-6.6648571428571435,-0.009285714285714284,0.5445714285714285,-0.01600000000000001,32.44128571428571,9.68,34.556000000000004,2.0,4.0,2.0
1,7,20,0.907460691489367,-1.7532978723404256,-6.96031914893617,-5.420212765957447,0.08127659574468085,0.28872340425531917,0.06170212765957446,22.4118085106383,0.2509574468085107,2.176063829787234,8.0,6.0,6.0
1,7,3,0.5062683921568614,-5.571372549019608,-4.313725490196078,-5.747254901960784,-0.22941176470588234,1.0280392156862745,-0.15470588235294117,33.547254901960784,-0.09372549019607845,19.27549019607843,0.0,2.0,2.0
1,7,4,0.6554430454545521,-6.635909090909092,-4.234393939393939,-5.745151515151515,-0.14833333333333334,0.6,-0.21484848484848484,33.257121212121206,-4.511212121212122,19.98,2.0,6.0,2.0
1,7,5,0.8361625119047641,-6.311428571428571,-4.937142857142858,-5.469761904761905,0.7563095238095239,0.18285714285714286,0.1989285714285714,32.67333333333333,-3.7283333333333335,21.263095238095236,2.0,6.0,2.0
1,7,6,0.8917577142857182,-6.386263736263736,-6.07032967032967,-3.1632967032967034,0.5485714285714286,0.40395604395604395,0.008571428571428567,36.38208791208791,1.0141758241758243,12.742307692307692,6.0,8.0,6.0
1,7,7,0.9426058631578984,-6.3475789473684205,-6.431894736842105,-3.737368421052632,0.46473684210526317,0.4411578947368421,0.08652631578947369,36.554842105263155,4.474421052631579,14.216947368421051,0.0,4.0,4.0
1,7,8,0.8992405222222186,7.581888888888889,1.9112222222222222,-3.8922222222222222,-0.15055555555555555,-0.328,0.10933333333333334,-41.39344444444444,7.974333333333334,-5.954777777777777,4.0,8.0,10.0
1,7,9,0.6964016388888875,7.352222222222222,1.4248611111111111,-4.749722222222222,0.14694444444444443,-0.48500000000000004,0.3601388888888889,-38.436527777777776,12.645416666666668,-2.1908333333333334,4.0,5.0,8.0
1,8,1,0.8359216860465115,6.612441860465116,-1.0175581395348836,-1.2897674418604652,-0.6695348837209302,1.7215116279069769,0.13383720930232557,-13.197209302325582,14.141976744186048,-2.517906976744186,2.0,5.0,2.0
1,8,10,0.9526506947368386,7.317157894736842,-0.7296842105263158,-4.409157894736842,0.14168421052631583,0.02999999999999999,-0.038842105263157886,-32.95557894736842,21.655578947368422,2.7267368421052627,8.0,11.0,10.0
1,8,11,0.8539427931034493,6.28080459770115,0.3639080459770116,-6.018850574712643,0.2613793103448276,0.08942528735632185,-0.04333333333333334,-32.967126436781605,20.406091954022987,4.481954022988506,10.0,10.0,10.0
1,8,12,1.0532112884615434,6.6599038461538465,0.39067307692307696,-4.109134615384615,0.3183653846153846,-0.02461538461538463,-0.11894230769230771,-33.78144230769231,20.570865384615384,-1.5698076923076922,6.0,14.0,10.0
1,8,13,0.9975041500000019,8.6746,1.0942999999999998,-0.5892000000000001,0.1907,0.14159999999999998,-0.10300000000000001,-30.1118,14.4747,-15.9001,0.0,7.0,12.0
1,8,14,0.6565602878787835,7.213484848484849,-0.29393939393939394,-2.4474242424242423,0.12303030303030305,0.21287878787878786,-0.4218181818181818,-25.74712121212121,17.511666666666667,-16.454090909090908,4.0,5.0,6.0
1,8,15,0.9508533368421059,8.242842105263158,-0.0022105263157894185,-1.605578947368421,0.16157894736842104,0.010210526315789474,-0.09242105263157895,-25.109157894736843,14.948842105263157,-16.79684210526316,6.0,6.0,4.0
1,8,16,0.8947598222222193,7.705111111111112,0.4415555555555555,-1.8868888888888888,-0.3081111111111111,-0.045888888888888896,0.19366666666666665,-25.112111111111112,12.689333333333334,-15.47988888888889,4.0,5.0,15.0
1,8,17,1.0529249611650473,7.916601941747572,0.7177669902912621,-2.354757281553398,0.24572815533980583,-0.057087378640776704,-0.009514563106796112,-24.590485436893207,12.19135922330097,-15.937281553398059,2.0,6.0,10.0
1,8,2,0.7761238717948716,5.697307692307692,-4.683076923076923,-5.903589743589744,-0.39871794871794874,0.07641025641025638,0.18602564102564104,-0.6357692307692309,25.03423076923077,24.433589743589742,2.0,6.0,3.0
1,8,3,0.7374593108108107,4.855945945945946,-4.60472972972973,-6.34472972972973,-0.38364864864864867,-0.021621621621621626,0.3290540540540541,0.9154054054054055,25.263783783783783,28.054864864864864,2.0,6.0,3.0
1,8,4,0.844743154761904,2.408809523809524,-6.27,-6.09595238095238,-0.04369047619047618,0.05726190476190476,0.2301190476190476,7.150476190476191,25.500714285714285,28.24904761904762,4.0,2.0,3.0
1,8,5,0.8967539883720931,1.2963953488372093,-6.754186046511628,-5.944651162790698,0.01069767441860464,-0.009534883720930228,0.1763953488372093,12.81453488372093,26.10220930232558,25.315232558139538,6.0,4.0,3.0
1,8,6,0.8205460731707319,6.566585365853659,1.198170731707317,-4.688292682926829,0.18304878048780487,-0.026341463414634142,-0.3974390243902439,-37.82829268292683,19.95268292682927,-2.2001219512195123,6.0,6.0,8.0
1,8,7,1.1455305739130455,7.3831304347826086,0.7399130434782608,-3.375217391304348,0.2266086956521739,0.023652173913043483,-0.0035652173913043386,-37.651999999999994,17.694086956521737,-3.4234782608695653,14.0,11.0,8.0
1,8,8,0.8302109879518039,7.05855421686747,0.8375903614457831,-5.330240963855422,-0.02108433734939759,-0.010963855421686753,-0.2902409638554217,-36.782048192771086,19.016024096385543,5.537349397590361,8.0,7.0,5.0
1,8,9,0.9216061521739142,7.53608695652174,-0.7303260869565217,-4.7301086956521745,0.20521739130434782,0.09815217391304347,0.010108695652173925,-32.77369565217391,22.615760869565218,-0.2776086956521738,12.0,9.0,4.0
1,9,1,0.700562657142857,6.6008571428571425,2.65,-4.054285714285714,-0.2608571428571429,0.349,0.12914285714285714,-24.039571428571428,11.699285714285715,20.370857142857144,2.0,5.0,4.0
1,9,10,0.9411602222222192,-7.363555555555556,2.817333333333333,-6.009666666666667,0.07,0.9264444444444444,-0.1927777777777778,19.343,-33.82633333333333,-6.921888888888889,12.0,8.0,7.0
1,9,11,1.514448019480518,-6.550194805194805,3.8276623376623378,-3.573701298701299,0.31623376623376626,0.5345454545454545,-0.07337662337662336,22.599090909090908,-32.60227272727273,-9.087012987012988,12.0,11.0,12.0
1,9,12,0.7694061538461506,0.008974358974358958,-7.160128205128205,-5.92,-0.14653846153846156,-0.15076923076923077,-0.33782051282051284,17.25307692307692,34.16858974358974,-1.4601282051282052,4.0,4.0,6.0
1,9,13,1.0282415523809494,-0.29180952380952385,-6.636571428571429,-5.401142857142857,-0.19590476190476191,-0.1518095238095238,-0.23761904761904762,11.752666666666666,33.57647619047619,-9.83952380952381,10.0,6.0,12.0
1,9,14,0.8251947590361498,-0.696867469879518,-7.734819277108434,-4.402168674698795,-0.4130120481927711,-0.2624096385542169,-0.3024096385542169,15.47722891566265,33.01746987951807,-12.94734939759036,4.0,2.0,12.0
1,9,15,1.2287671219512173,0.2421138211382114,-7.211138211382114,-4.904634146341463,0.1226829268292683,-0.1756910569105691,-0.14577235772357724,10.271951219512195,31.699674796747967,-12.73650406504065,8.0,6.0,12.0
1,9,16,0.9562098888888836,-0.015757575757575772,-7.639393939393939,-4.9523232323232325,-0.15595959595959596,-0.29191919191919197,-0.3797979797979798,9.644242424242425,32.13131313131313,-12.486161616161615,7.0,4.0,12.0
1,9,17,0.9357784791666707,2.3926041666666666,-7.257187500000001,-5.430625,-0.04270833333333333,-0.2755208333333333,-0.38125000000000003,5.473541666666667,33.388124999999995,-12.520520833333334,15.0,6.0,8.0
1,9,18,0.8528150574712602,1.562528735632184,-7.839080459770115,-4.452988505747126,-0.0996551724137931,-0.3003448275862069,-0.39655172413793105,7.639885057471264,29.769655172413792,-17.684597701149425,16.0,6.0,6.0
1,9,2,0.5822035932203391,9.717118644067797,-2.0222033898305085,-0.6838983050847458,0.6971186440677967,-0.2623728813559322,-0.12745762711864408,-23.740169491525425,29.034745762711864,6.528305084745763,2.0,3.0,3.0
1,9,3,0.7380403733333332,8.7112,-2.7250666666666667,-0.8002666666666666,0.5577333333333333,-0.4670666666666667,-0.19106666666666663,-21.499333333333333,30.907999999999998,5.711733333333333,6.0,2.0,6.0
1,9,4,0.7358877105263163,8.581184210526315,-3.7411842105263156,0.38184210526315787,0.6130263157894738,-0.28828947368421054,-0.20092105263157897,-21.260394736842105,32.3946052631579,2.6392105263157895,4.0,3.0,6.0
1,9,5,0.6330412187499997,8.14453125,-3.3090625,2.08609375,-0.06390625,-0.17156249999999998,-0.014218749999999997,-21.459062499999998,32.9903125,-1.2812500000000002,4.0,2.0,6.0
1,9,6,1.1867035934959347,6.412926829268293,-5.657886178861788,2.387560975609756,0.16227642276422766,-0.17065040650406502,0.004146341463414635,-15.362764227642275,37.19154471544716,-7.8534146341463416,0.0,0.0,10.0
1,9,7,1.081706736363636,-6.905818181818182,2.774727272727273,-4.614727272727273,0.10345454545454545,0.48318181818181816,-0.03472727272727274,22.171363636363637,-32.51190909090909,-7.266909090909091,10.0,8.0,9.0
1,9,8,1.0651839166666646,-5.836018518518518,5.023425925925926,-5.36,-0.07990740740740741,0.4131481481481482,0.07148148148148149,13.431666666666665,-37.88388888888889,-4.168333333333333,12.0,6.0,10.0
1,9,9,0.9754837526881687,-6.793225806451613,1.95247311827957,-6.129569892473118,0.1013978494623656,0.5431182795698924,-0.06946236559139785,21.063763440860217,-32.67559139784946,-5.433870967741936,6.0,8.0,10.0
2,0,1,1.231361600000006,-4.207090909090909,-3.2578181818181817,-5.757,-0.3677272727272727,-0.7699090909090909,-1.2283636363636363,20.145909090909093,-10.766727272727271,13.818636363636363,2.0,14.0,2.0
2,0,10,1.4823181076922958,8.390692307692307,4.287076923076923,-1.651,0.012538461538461545,-0.043230769230769225,0.15092307692307694,-42.491076923076925,-10.311384615384615,-9.421846153846154,2.0,2.0,4.0
2,0,11,1.4937156923076906,5.175461538461538,-4.592153846153846,-4.9180769230769235,0.31423076923076926,0.15899999999999997,0.21476923076923077,-23.554384615384617,29.446153846153845,4.335384615384616,0.0,11.0,2.0
2,0,12,1.4750253307692331,5.615153846153846,-6.591615384615384,-2.874,-0.11669230769230769,-0.09392307692307693,-0.09761538461538463,-26.378923076923076,30.124923076923075,-10.331769230769229,0.0,2.0,2.0
2,0,13,1.4310632222222213,4.64031746031746,-7.37031746031746,-2.466190476190476,-0.17634920634920634,-0.11261904761904762,-0.16182539682539682,-25.39936507936508,30.043015873015875,-12.313015873015873,0.0,4.0,4.0
2,0,14,1.1744506504854628,4.954368932038835,-6.9726213592233,2.623300970873786,0.20650485436893204,0.005533980582524279,0.025825242718446606,-19.836504854368933,19.941844660194178,-31.39815533980583,1.0,0.0,7.0
2,0,15,1.2825040090090154,5.982162162162162,-6.415765765765766,1.7,-0.21036036036036038,0.005675675675675683,-0.14306306306306307,-26.32900900900901,19.19972972972973,-28.39171171171171,0.0,0.0,4.0
2,0,2,1.2509304495412792,-6.524954128440367,-4.85559633027523,-2.5792660550458715,-0.25963302752293577,-0.681743119266055,-0.28394495412844034,31.984220183486237,-3.263119266055046,-0.4011009174311929,2.0,4.0,8.0
2,0,3,1.2912736106194638,-1.2374336283185843,-1.3264601769911506,-6.947699115044248,-1.0526548672566372,0.27008849557522124,-0.39274336283185846,25.50557522123894,-10.044513274336284,16.527964601769913,2.0,4.0,2.0
2,0,4,1.272695982456134,0.12192982456140351,0.3875438596491228,-9.749649122807018,-0.02850877192982456,-0.0807017543859649,0.09543859649122806,13.845087719298245,6.100526315789474,32.36763157894737,13.0,19.0,0.0
2,0,5,1.2509366875000032,0.019910714285714285,0.15642857142857144,-9.690892857142858,0.0021428571428571434,0.019999999999999997,0.02973214285714285,18.354017857142857,10.371785714285716,39.013392857142854,12.0,8.0,2.0
2,0,6,1.4260001428571523,-6.179047619047618,0.553888888888889,-3.6046825396825395,-0.1507142857142857,0.3823809523809524,1.3718253968253968,8.41825396825397,-17.55079365079365,7.160952380952382,3.0,7.0,2.0
2,0,7,1.8177064437500068,-3.7818750000000003,-1.6256875000000002,-8.3224375,-0.086125,0.0878125,0.3899375,16.160062500000002,-15.443125,27.805,5.0,7.0,4.0
2,0,8,1.3019600172413917,8.436551724137932,-0.4894827586206897,-3.1498275862068965,0.10758620689655171,0.1436206896551724,0.12379310344827586,-39.45775862068966,3.5026724137931033,-7.2411206896551725,0.0,5.0,1.0
2,0,9,1.3467514067796749,7.719915254237288,3.748474576271186,-3.1323728813559324,0.07076271186440677,0.19076271186440677,0.11254237288135592,-39.07483050847458,-12.420593220338983,-7.021186440677966,0.0,4.0,2.0
2,1,1,0.8597708181818186,0.004415584415584411,0.39831168831168834,-9.905454545454546,-0.004545454545454546,-0.0006493506493506496,0.11077922077922077,16.33285714285714,-8.23103896103896,28.485844155844156,9.0,11.0,0.0
2,1,10,0.6871030645161234,0.036935483870967754,0.15645161290322582,-9.836774193548386,-0.007580645161290323,-0.0014516129032258063,0.13274193548387098,14.803548387096773,16.808709677419355,40.79112903225807,8.0,8.0,0.0
2,1,11,0.7221366461538467,-0.03353846153846157,0.36230769230769233,-9.881076923076924,-0.026615384615384614,0.008307692307692306,0.23046153846153847,16.889999999999997,16.71123076923077,40.95523076923077,12.0,4.0,0.0
2,1,12,0.8422777162162215,2.467972972972973,9.797432432432432,-3.614324324324324,-0.14405405405405405,-0.19445945945945947,0.3212162162162162,24.68635135135135,-34.98891891891892,16.340945945945947,2.0,2.0,2.0
2,1,13,1.011308181818177,4.217954545454545,-0.15465909090909088,-9.033181818181818,-0.4193181818181818,0.3134090909090909,0.3428409090909091,12.812045454545455,7.7681818181818185,36.402727272727276,4.0,3.0,2.0
2,1,14,0.900864725000007,2.459625,1.767375,-9.7865,0.02462499999999999,-0.063,0.36025,17.67125,-1.578875,38.893,2.0,4.0,2.0
2,1,15,1.14912529,-0.019400000000000014,0.5851,8.7879,0.1418,-0.0585,-0.1099,-3.5963,20.1634,-32.1342,5.0,3.0,2.0
2,1,2,1.0353766021505388,0.08333333333333333,0.5130107526881721,-9.922258064516129,-0.002903225806451613,0.00913978494623656,0.09193548387096775,23.90709677419355,-11.119139784946237,43.47720430107527,10.0,7.0,0.0
2,1,3,0.854928597402599,-0.16675324675324676,0.4663636363636363,-9.884935064935064,-0.0007792207792207792,0.009610389610389613,0.1487012987012987,26.8274025974026,-16.16246753246753,46.28051948051948,5.0,5.0,0.0
2,1,4,0.890039887500001,-8.18575,0.33325,-5.332,0.180375,0.08925,0.15037499999999998,48.763875,-17.882375,20.971,2.0,5.0,6.0
2,1,5,0.8453649868421065,-9.068026315789472,-0.5852631578947368,-4.121447368421053,0.11776315789473683,0.17039473684210527,0.07210526315789474,49.36881578947368,-9.979473684210525,9.027763157894737,0.0,5.0,2.0
2,1,6,0.7976276805555573,-8.276666666666666,0.5795833333333333,-5.222222222222222,0.06472222222222221,0.09375,0.1498611111111111,44.65361111111111,-14.01388888888889,13.462222222222222,2.0,7.0,0.0
2,1,7,0.7300541060606065,-8.76030303030303,0.5022727272727272,-3.7393939393939397,0.2689393939393939,0.03106060606060607,0.24651515151515152,46.43939393939394,-16.92590909090909,10.336363636363638,0.0,1.0,0.0
2,1,8,0.6981481639344235,-8.77295081967213,0.49360655737704917,-3.710983606557377,0.22950819672131148,0.11163934426229509,0.18491803278688523,45.45967213114754,-18.38590163934426,10.184262295081968,0.0,3.0,0.0
2,1,9,0.8318888533333357,-0.20693333333333333,0.5338666666666666,-9.801866666666667,0.005600000000000001,0.0041333333333333335,0.07426666666666668,13.9676,15.230933333333333,36.904666666666664,15.0,10.0,0.0
2,2,1,1.0942081354166648,5.0330208333333335,-8.102604166666667,0.5646875,-0.11791666666666666,0.24885416666666668,-0.26166666666666666,4.6674999999999995,40.608125,5.272395833333333,4.0,2.0,8.0
2,2,10,1.1979189999999873,-1.9977142857142856,-4.071238095238096,-3.6402857142857146,-0.6003809523809523,-0.18647619047619046,1.5663809523809524,2.0355238095238093,32.961333333333336,-4.685142857142857,5.0,4.0,6.0
2,2,11,0.9853056666666715,-4.239404761904762,8.251547619047619,4.01452380952381,-0.18440476190476193,0.4905952380952381,1.1703571428571429,27.395357142857144,5.099523809523809,-12.576190476190478,8.0,6.0,4.0
2,2,12,1.3462606806722597,-1.7363025210084033,1.5294117647058822,2.7819327731092436,-0.3554621848739496,0.1423529411764706,0.7373949579831933,0.6219327731092439,27.3309243697479,-1.6323529411764708,8.0,13.0,10.0
2,2,13,1.0809031458333467,-1.1905208333333335,11.961041666666667,5.878125,-0.2796875,0.6380208333333334,0.7690625,-0.9863541666666666,-15.4196875,-26.797395833333336,8.0,0.0,4.0
2,2,14,1.2247539724770742,-2.084954128440367,5.255871559633027,5.855229357798166,0.010642201834862372,0.4745871559633027,0.824954128440367,11.443853211009174,17.861284403669725,-9.215045871559633,7.0,10.0,10.0
2,2,15,1.1666293000000056,1.0839999999999999,-5.850700000000001,-4.0119,-0.7918000000000001,-0.3081,1.1616,-1.7797,36.3021,-6.0478,7.0,3.0,3.0
2,2,2,1.159128333333332,5.069509803921569,-8.370196078431372,-0.9952941176470588,-0.10960784313725491,-0.08460784313725489,-0.42196078431372547,4.106862745098039,39.56519607843137,7.551568627450981,4.0,2.0,7.0
2,2,3,1.1704475533980607,3.9162135922330097,-8.063883495145632,0.06854368932038835,-0.08174757281553399,0.04718446601941746,-0.3433009708737864,7.030388349514563,37.80349514563107,8.971941747572815,8.0,2.0,9.0
2,2,4,1.1268534257425744,6.242178217821783,-7.548118811881189,-2.231683168316832,0.018514851485148497,0.2556435643564357,-0.4755445544554456,-0.3933663366336633,38.29722772277228,10.51891089108911,8.0,2.0,11.0
2,2,5,1.0477294065934084,5.2954945054945055,-8.472307692307693,-0.9342857142857143,-0.19197802197802197,-0.1307692307692308,-0.1458241758241758,5.714725274725274,37.825934065934064,6.966703296703297,7.0,2.0,9.0
2,2,6,1.1440859099999996,3.5142,1.1543999999999999,-10.0776,0.1356,0.0458,0.0667,9.9668,-10.8825,39.530300000000004,6.0,8.0,2.0
2,2,7,1.0624684361702226,0.649468085106383,-3.705957446808511,-7.511063829787234,-1.4630851063829788,-0.2823404255319149,0.09638297872340426,23.43382978723404,24.864893617021277,10.24531914893617,8.0,5.0,3.0
2,2,8,1.0639340561797617,-0.9895505617977527,10.81808988764045,1.16123595505618,-0.2974157303370787,0.06471910112359551,0.32370786516853933,29.615842696629212,-19.998876404494382,-14.217752808988763,8.0,2.0,4.0
2,2,9,2.3822367843137204,-4.738676470588236,5.154068627450981,1.776470588235294,-0.2824509803921568,-0.22416666666666665,-0.04720588235294118,28.428039215686272,-11.369460784313725,-15.794803921568628,2.0,0.0,7.0
2,3,1,1.1709534038461533,0.035961538461538455,0.2665384615384615,-9.827499999999999,0.0004807692307692307,0.004326923076923077,-0.12480769230769231,2.2096153846153843,19.397884615384616,33.96846153846154,12.0,12.0,0.0
2,3,10,0.9691571034482704,5.69551724137931,-0.9422988505747127,-5.710689655172414,-0.2328735632183908,-0.11689655172413793,0.22563218390804596,-22.426206896551722,21.969310344827587,30.678045977011493,4.0,6.0,2.0
2,3,11,0.9334241168831222,5.98974025974026,-0.44233766233766236,-6.781168831168831,-0.19597402597402597,-0.19922077922077921,-0.13779220779220777,-21.45155844155844,19.123506493506493,32.86896103896104,4.0,6.0,2.0
2,3,12,0.854518189189195,6.0839189189189185,0.3659459459459459,-6.281081081081081,-0.29864864864864865,-0.2959459459459459,-0.08797297297297298,-22.86081081081081,16.132567567567566,31.254189189189187,4.0,5.0,2.0
2,3,13,0.8318694800000029,5.029466666666667,-0.10626666666666672,-7.712666666666667,-0.18946666666666664,-0.2501333333333334,-0.22719999999999999,-17.209333333333333,17.513466666666666,35.59053333333333,4.0,5.0,0.0
2,3,14,0.855691974025971,5.68012987012987,0.6337662337662339,-7.938051948051949,-0.014415584415584423,-0.22038961038961039,-0.13012987012987012,-13.957272727272727,20.403636363636362,35.53103896103896,4.0,6.0,2.0
2,3,15,0.8162446849315085,-1.154794520547945,-0.08616438356164388,-9.822054794520549,-0.007123287671232877,-0.006849315068493152,0.26835616438356164,-3.076027397260274,22.20123287671233,33.490410958904114,7.0,6.0,0.0
2,3,2,1.6412337823129284,-0.053129251700680266,-0.0007482993197278998,-9.800476190476191,-0.001564625850340136,0.0016326530612244899,-0.13367346938775512,6.810136054421769,13.289455782312924,29.116666666666664,13.0,8.0,0.0
2,3,3,1.1803949245283054,-0.2114150943396227,0.4306603773584906,-9.831509433962266,-0.006226415094339622,-0.0016037735849056599,-0.21915094339622643,-3.0516037735849055,17.261037735849058,30.821037735849053,15.0,13.0,0.0
2,3,4,0.9984155517241345,3.362988505747126,-0.4752873563218391,-8.379999999999999,-0.1725287356321839,0.1396551724137931,0.14264367816091955,-8.96758620689655,15.024367816091953,38.90977011494253,4.0,6.0,4.0
2,3,5,0.9781047356321902,3.979080459770115,-2.116781609195402,-8.049655172413793,-0.20149425287356323,0.011609195402298851,-0.17126436781609194,-10.632988505747127,22.55022988505747,34.820459770114944,4.0,6.0,2.0
2,3,6,0.9923271573033642,4.42876404494382,-1.7530337078651685,-7.69438202247191,-0.2497752808988764,-0.025730337078651685,-0.22617977528089886,-9.449775280898876,24.723146067415733,33.12516853932584,4.0,6.0,2.0
2,3,7,0.811930753424652,-1.0204109589041095,0.9504109589041095,-9.814520547945206,0.002328767123287672,-0.010958904109589041,-0.0821917808219178,-5.6627397260273975,21.639589041095892,37.30410958904109,9.0,10.0,0.0
2,3,8,0.8489135733333347,2.7134666666666667,0.8022666666666667,-10.1096,-0.05200000000000001,0.06466666666666666,-0.3112,-1.9930666666666665,13.440666666666665,42.262,4.0,6.0,0.0
2,3,9,0.8887401500000044,6.11975,-0.263125,-6.6777500000000005,-0.191625,-0.155125,-0.15949999999999998,-22.749625,18.924625,32.447500000000005,4.0,6.0,4.0
2,4,1,1.4809690458015266,0.9416030534351144,-1.0018320610687024,-9.597633587786259,0.1729007633587786,-0.10534351145038169,0.15580152671755726,16.89595419847328,17.13977099236641,29.63274809160305,5.0,5.0,2.0
2,4,10,1.086495762886602,-3.8169072164948457,5.760206185567011,-2.859278350515464,0.5826804123711341,-0.37206185567010314,-0.735257731958763,-13.080927835051545,-14.941649484536082,26.382886597938143,2.0,6.0,8.0
2,4,11,1.0678861595744653,-3.6078723404255317,7.778723404255319,-2.391063829787234,0.2775531914893617,-0.3293617021276596,-0.827872340425532,-13.562127659574466,-10.589680851063829,27.174999999999997,5.0,6.0,6.0
2,4,12,1.2474756785714296,-1.2947321428571428,5.468303571428572,-4.2525,0.6833035714285715,-0.19500000000000003,-0.49544642857142857,-12.007499999999999,-2.290892857142857,28.445178571428574,8.0,8.0,6.0
2,4,13,1.0546738829787203,-3.5919148936170213,-3.092872340425532,-5.810851063829787,0.37329787234042555,-0.7519148936170214,0.34787234042553195,-10.441914893617021,28.89808510638298,16.091914893617023,3.0,6.0,6.0
2,4,14,1.0805024838709734,-5.8073118279569895,-2.910107526881721,2.052688172043011,0.4237634408602151,-0.23161290322580652,0.19064516129032258,-11.547634408602152,12.340860215053764,-21.910967741935483,4.0,7.0,6.0
2,4,15,1.1929767788461552,-8.91048076923077,0.9438461538461538,8.584711538461539,-0.16057692307692303,-0.35961538461538467,0.73375,-3.615769230769231,2.43125,-26.419999999999998,7.0,11.0,8.0
2,4,16,1.091860742268046,0.36701030927835054,0.08536082474226804,-9.790721649484537,0.002886597938144329,-0.0007216494845360834,0.03134020618556702,1.9112371134020618,5.310515463917525,32.287628865979386,12.0,10.0,0.0
2,4,2,1.4306994566929132,4.054566929133858,-3.049291338582677,-8.227244094488189,0.23551181102362204,-0.07307086614173228,0.14496062992125985,5.080472440944882,29.559527559055116,20.230236220472438,4.0,8.0,4.0
2,4,3,1.1992742571428563,6.908380952380952,-6.518476190476191,-4.819047619047619,0.12304761904761904,0.07599999999999998,0.15333333333333335,-2.6206666666666667,37.984857142857145,8.688,2.0,2.0,4.0
2,4,4,1.6212542907801435,7.818368794326242,1.487517730496454,-3.0785106382978724,-0.16574468085106384,-0.11120567375886524,-0.24872340425531916,-29.82673758865248,21.66744680851064,4.732482269503546,6.0,3.0,8.0
2,4,5,1.143864343434341,7.7856565656565655,2.7262626262626264,-2.109191919191919,-0.3476767676767677,-0.32232323232323234,-0.39808080808080804,-24.248686868686868,23.912828282828283,0.4682828282828283,4.0,3.0,5.0
2,4,6,1.4942363076923073,6.7368461538461535,3.6672307692307693,-2.769846153846154,-0.02946153846153846,-0.2323076923076923,-0.42107692307692307,-25.37923076923077,15.98469230769231,3.783923076923077,4.0,5.0,4.0
2,4,7,1.4135584297520636,6.045702479338843,5.458677685950414,-7.525619834710744,0.20206611570247934,-0.004710743801652922,-0.6886776859504132,-25.85801652892562,16.12297520661157,11.366776859504133,4.0,3.0,9.0
2,4,8,2.8127127416666684,-4.4350000000000005,0.749875,-7.335416666666666,-0.017416666666666674,-0.23791666666666667,-0.245375,-1.943375,2.5235,36.018,19.0,26.0,10.0
2,4,9,1.45993049230769,-1.789,6.376384615384615,-4.825769230769231,0.49738461538461537,-0.03576923076923077,-0.4899230769230769,-7.984615384615385,-17.28053846153846,31.402846153846152,5.0,6.0,4.0
2,5,1,1.1374859803921575,-0.4234313725490196,-0.26,-9.827549019607844,0.0036274509803921563,-0.005294117647058824,0.07205882352941176,-10.887941176470587,7.211862745098039,36.79666666666667,11.0,6.0,0.0
2,5,10,1.075738873684207,6.073473684210526,-5.385052631578947,-3.0425263157894737,-0.14063157894736844,-0.16694736842105262,-0.17136842105263156,-20.949263157894737,36.55947368421053,-3.205263157894737,2.0,6.0,8.0
2,5,11,1.3907251463414705,7.105609756097561,-5.227317073170732,-2.0928455284552845,0.07065040650406504,0.19967479674796748,0.11008130081300814,-25.284471544715444,33.79869918699187,-4.095934959349593,6.0,8.0,16.0
2,5,12,1.1984569142857187,-2.000857142857143,0.08285714285714285,-8.275333333333332,-0.032,-0.1221904761904762,-0.36580952380952386,-3.2506666666666666,16.601809523809525,35.957142857142856,16.0,10.0,2.0
2,5,13,1.2514645982142867,-1.8473214285714286,2.908035714285714,-8.310625,0.043125000000000004,-0.1050892857142857,-0.23544642857142858,-6.619375,2.0657142857142854,39.84276785714286,9.0,8.0,2.0
2,5,14,1.25923674311927,-1.048348623853211,-0.4461467889908257,-8.907706422018348,-0.22009174311926605,-0.23055045871559632,-0.0918348623853211,-12.96229357798165,12.942935779816514,36.49834862385321,7.0,5.0,2.0
2,5,15,1.495092883720925,0.611937984496124,1.113875968992248,-9.287751937984495,-0.15689922480620155,-0.1475968992248062,-0.17635658914728683,-19.23860465116279,7.110697674418605,35.84201550387597,17.0,7.0,0.0
2,5,2,1.1239539504950495,-0.2900990099009901,0.07752475247524757,-9.804851485148514,0.0028712871287128717,-0.008415841584158416,-0.11326732673267326,-12.174455445544554,9.531188118811881,33.89138613861386,13.0,8.0,0.0
2,5,3,1.326777452991453,-0.4745299145299145,-0.6253846153846154,-9.8017094017094,0.0004273504273504272,-0.012222222222222221,0.043076923076923075,-13.914017094017094,9.205897435897436,37.96418803418804,15.0,6.0,0.0
2,5,4,1.2045704351851858,7.87787037037037,-3.6372222222222224,-3.431296296296296,-0.005648148148148144,-0.19574074074074074,-0.12796296296296297,-32.82611111111111,30.978981481481483,0.14407407407407402,2.0,6.0,4.0
2,5,5,1.1593673942307676,6.444807692307692,-5.102692307692307,-2.608846153846154,-0.08317307692307693,-0.06403846153846152,-0.105,-20.347115384615385,37.91096153846154,-3.7013461538461536,6.0,7.0,3.0
2,5,6,1.3683591393442633,7.611803278688525,-4.166885245901639,-1.3234426229508198,0.050819672131147534,-0.14131147540983605,-0.2839344262295082,-24.145,32.925737704918035,-8.967377049180328,4.0,8.0,11.0
2,5,7,1.2370355045045032,7.172072072072072,-4.650720720720721,-1.1744144144144146,-0.05630630630630631,-0.10234234234234235,-0.1198198198198198,-22.610450450450447,34.71054054054054,-9.498108108108108,2.0,6.0,9.0
2,5,8,1.4969435648854945,6.717938931297709,-5.866412213740458,-0.34030534351145036,0.15114503816793895,-0.15129770992366412,-0.23045801526717555,-16.560152671755727,37.82320610687023,-9.385343511450381,4.0,4.0,7.0
2,5,9,1.0027748539325816,6.977303370786517,-5.409662921348314,-2.9658426966292133,0.026292134831460666,-0.3344943820224719,-0.46898876404494383,-19.658876404494382,36.63707865168539,-3.3487640449438203,2.0,6.0,7.0
2,6,1,0.9881301910112349,-0.23842696629213478,0.07516853932584269,-9.73,0.005955056179775281,-0.007415730337078655,-0.06561797752808989,1.383932584269663,13.406966292134832,28.176629213483142,18.0,12.0,0.0
2,6,10,1.1500259705882385,-5.458431372549019,-4.204509803921569,5.392843137254903,0.16588235294117648,-0.5031372549019608,0.026078431372549022,16.179803921568627,10.738137254901961,-28.58950980392157,0.0,4.0,4.0
2,6,11,1.675619866666663,3.604733333333334,-6.9155999999999995,-1.953933333333333,-0.3565333333333333,-0.18546666666666667,0.005400000000000006,-14.363266666666664,30.744533333333337,-1.4585333333333332,11.0,4.0,22.0
2,6,12,1.2842687321428514,-2.2152678571428575,-4.107232142857143,-7.257232142857142,-0.13857142857142857,-0.20330357142857142,0.016696428571428567,-2.5832142857142855,30.688125000000003,22.255446428571428,1.0,2.0,2.0
2,6,13,1.1152324020618607,-1.3156701030927835,-4.169072164948453,-6.500309278350515,0.16742268041237113,0.1577319587628866,0.2797938144329897,-17.803092783505157,23.73020618556701,23.916494845360827,5.0,6.0,4.0
2,6,14,1.1745521844660165,-2.3249514563106795,-3.5225242718446603,-6.577087378640777,0.291747572815534,0.32203883495145635,0.346504854368932,-9.281844660194174,26.184271844660195,22.36038834951456,5.0,7.0,2.0
2,6,15,1.8135561210191131,0.08382165605095541,-6.1145859872611465,-4.9646496815286625,0.12458598726114649,-0.10509554140127389,0.15707006369426751,-14.52700636942675,34.10363057324841,9.84235668789809,11.0,2.0,6.0
2,6,2,1.0841104742268042,0.12690721649484535,0.08762886597938144,-9.788453608247423,-0.005567010309278351,-0.007319587628865979,-0.12340206185567011,9.836494845360825,11.858865979381443,27.93721649484536,8.0,8.0,0.0
2,6,3,1.0133367362637347,0.6609890109890111,-0.3320879120879121,-9.765714285714285,0.010109890109890106,0.011538461538461537,-0.21461538461538462,15.005274725274726,1.3124175824175826,28.5,17.0,10.0,0.0
2,6,4,0.749606272727276,-1.8995454545454546,-3.0822727272727275,-7.968030303030303,-0.593030303030303,0.0903030303030303,0.19909090909090907,37.91242424242424,-2.6360606060606058,16.28151515151515,4.0,4.0,2.0
2,6,5,0.9447522235294155,-3.959176470588235,-7.443529411764707,-2.9125882352941175,-0.48047058823529415,0.003294117647058837,0.3176470588235294,38.037176470588236,17.16235294117647,0.0590588235294118,4.0,6.0,7.0
2,6,6,1.1770337575757603,-3.3417171717171716,-8.034646464646464,-2.649090909090909,-0.1708080808080808,-0.044949494949494954,-0.06040404040404041,34.58676767676768,24.814444444444444,4.541515151515152,6.0,2.0,9.0
2,6,7,1.228848787037036,4.5055555555555555,8.995555555555555,0.6268518518518519,0.021388888888888884,0.21953703703703706,-0.017314814814814814,-1.0435185185185185,-27.071574074074075,-10.155,6.0,0.0,13.0
2,6,8,1.0020276777777757,0.9064444444444444,10.230444444444444,1.8313333333333333,-0.09355555555555556,0.24422222222222223,0.05277777777777778,8.978777777777777,-22.265666666666668,-12.749222222222222,9.0,0.0,12.0
2,6,9,1.1506711862745065,-7.125686274509804,-6.47235294117647,1.2279411764705883,0.1854901960784314,-0.07686274509803921,0.19245098039215686,25.663921568627448,22.879019607843137,-15.48764705882353,0.0,0.0,4.0
2,7,1,1.0824258947368421,0.30757894736842106,-0.5633684210526316,-9.657789473684211,-0.00831578947368421,0.034631578947368416,0.03515789473684211,-10.489473684210527,0.7511578947368422,31.962315789473685,14.0,12.0,0.0
2,7,10,1.3036948534482744,7.7107758620689655,-4.8022413793103444,-1.7463793103448277,-0.0275,-0.08370689655172413,-0.025258620689655186,-21.39094827586207,35.92413793103448,-5.243706896551724,4.0,8.0,24.0
2,7,11,0.9952235227272794,6.15409090909091,-3.6151136363636365,-2.2242045454545454,0.10454545454545454,0.18136363636363637,-0.2852272727272727,-22.30659090909091,35.07125,-7.4602272727272725,6.0,9.0,11.0
2,7,12,2.8543496693877515,7.468612244897959,-5.313387755102041,0.8216326530612246,-0.03710204081632653,-0.03816326530612245,-0.07702040816326532,-19.482326530612244,35.17755102040816,-16.050938775510204,4.0,10.0,9.0
2,7,13,1.3127635765765722,7.522792792792792,-4.471891891891892,-0.5316216216216216,-0.08252252252252253,0.11306306306306306,-0.12747747747747748,-23.355405405405403,34.59855855855856,-10.33189189189189,6.0,8.0,12.0
2,7,14,1.3087428938053138,0.05778761061946902,0.43743362831858407,-9.909026548672566,0.00292035398230089,0.003274336283185839,0.03973451327433628,-17.761061946902654,8.038318584070797,44.96734513274337,10.0,17.0,0.0
2,7,15,1.2202628317756974,-3.695514018691589,2.5828971962616825,-8.252710280373831,0.08214953271028036,0.00028037383177570495,0.07252336448598132,30.46336448598131,-1.55,33.821962616822425,6.0,8.0,0.0
2,7,16,1.1724898269230726,-4.4825,1.4384615384615385,-8.538365384615386,0.25740384615384615,0.13413461538461538,0.24778846153846154,31.678365384615386,1.0342307692307693,29.92980769230769,6.0,6.0,2.0
2,7,2,1.1204573775510205,0.9940816326530613,9.32704081632653,-0.4683673469387755,0.02153061224489795,-0.2045918367346939,-0.06561224489795918,-25.94183673469388,-33.12948979591837,6.9799999999999995,6.0,2.0,5.0
2,7,3,1.166329235294118,0.17637254901960783,9.402549019607843,-0.7564705882352941,0.01676470588235293,-0.16205882352941178,-0.24598039215686274,-23.22970588235294,-34.00225490196078,10.097843137254902,5.0,4.0,7.0
2,7,4,1.2333272844036702,1.2962385321100918,8.772385321100916,-2.3892660550458715,-0.07844036697247707,-0.16440366972477063,0.16449541284403668,-24.32376146788991,-32.596330275229356,10.472385321100917,8.0,6.0,4.0
2,7,5,1.0416871505376353,-0.35311827956989245,-0.1709677419354839,-9.879032258064516,-0.04096774193548387,0.005913978494623655,0.0472043010752688,-18.21021505376344,-0.526236559139785,34.24731182795699,16.0,10.0,0.0
2,7,6,1.1016128469387754,-3.5877551020408167,5.759489795918367,-7.0534693877551025,0.15183673469387754,-0.2753061224489796,0.20397959183673467,-2.468061224489796,-31.064999999999998,28.63061224489796,6.0,2.0,4.0
2,7,7,1.2676377876106162,-2.307079646017699,6.266548672566372,-5.690796460176991,-0.14504424778761063,-0.031858407079646024,-0.16336283185840708,-9.109734513274336,-33.80097345132744,23.021061946902655,9.0,6.0,6.0
2,7,8,1.260915973214288,-1.7300892857142858,7.755089285714286,-3.8600892857142854,0.031249999999999997,-0.15776785714285715,-0.17500000000000002,-11.674999999999999,-37.87267857142857,12.729910714285714,7.0,4.0,6.0
2,7,9,1.2860967168141622,-3.4320353982300884,8.14433628318584,-3.267787610619469,0.09867256637168142,-0.1710619469026549,-0.042212389380530985,-9.931681415929203,-38.845929203539825,12.015575221238938,6.0,2.0,4.0
2,8,1,1.2832596578947366,0.37456140350877193,0.10026315789473687,-9.886140350877193,0.011140350877192985,-0.00807017543859649,-0.1416666666666667,-7.2944736842105256,11.391754385964912,34.02780701754386,18.0,14.0,0.0
2,8,10,1.0906638315789468,7.114000000000001,-3.3902105263157893,-1.5837894736842106,-0.06021052631578948,0.2628421052631579,-0.2615789473684211,-32.103578947368426,13.608842105263157,12.014947368421053,6.0,6.0,10.0
2,8,11,1.0041869770114935,4.525402298850574,-0.2304597701149425,5.938850574712643,0.20333333333333334,0.10241379310344828,0.030574712643678163,-22.66413793103448,-6.208850574712643,-33.27333333333333,4.0,8.0,7.0
2,8,12,1.5286145038167909,3.9433587786259543,1.7536641221374045,7.615343511450382,0.08793893129770992,-0.5289312977099238,0.1567175572519084,-14.780839694656489,-20.73740458015267,-37.41534351145038,12.0,12.0,2.0
2,8,13,1.0779300574712676,4.282183908045977,0.38482758620689644,7.589425287356321,0.25839080459770114,-0.028965517241379312,0.20379310344827584,-17.86597701149425,-12.054022988505748,-36.91425287356322,8.0,6.0,4.0
2,8,14,1.6482870656934374,2.5925547445255477,-1.1943795620437956,8.23102189781022,-0.009270072992700744,-0.1105109489051095,0.03613138686131386,-13.702773722627738,-11.642189781021898,-41.19547445255474,4.0,6.0,6.0
2,8,15,1.0505807374999965,2.516,0.681625,8.272,0.207125,0.022249999999999995,0.23399999999999999,-11.348875,-16.41,-38.838499999999996,7.0,6.0,0.0
2,8,16,1.1789921276595803,3.1440425531914897,1.2452127659574468,8.325425531914894,0.22276595744680852,-0.0601063829787234,0.11042553191489363,-14.205531914893616,-17.55691489361702,-37.736276595744684,6.0,6.0,0.0
2,8,2,1.3300552869565219,0.6271304347826088,0.05739130434782609,-9.796086956521739,0.0032173913043478265,0.0032173913043478256,-0.2380869565217391,-8.176,5.9228695652173915,34.390608695652176,12.0,8.0,0.0
2,8,3,1.6009205281690129,0.9562676056338028,0.7076760563380281,-9.89049295774648,0.015774647887323946,-0.15161971830985915,-0.1583098591549296,-7.3625352112676055,-3.856619718309859,35.26901408450704,15.0,20.0,0.0
2,8,4,1.0703522688172051,4.017741935483871,-3.705483870967742,4.74989247311828,0.3970967741935484,-0.044408602150537636,0.2010752688172043,-12.555376344086023,17.15956989247312,-34.34139784946237,6.0,6.0,8.0
2,8,5,0.9596543209876544,3.8285185185185187,-1.6082716049382717,6.134074074074074,0.2624691358024691,-0.2634567901234568,-0.16925925925925925,-13.992962962962963,4.2313580246913585,-37.48086419753086,10.0,6.0,6.0
2,8,6,0.9861092298850549,5.822183908045977,-0.9671264367816094,6.7973563218390805,-0.34264367816091956,-0.7882758620689655,-0.3156321839080459,-19.633218390804597,10.510229885057472,-38.67551724137931,19.0,8.0,10.0
2,8,7,0.8604909054054027,5.646081081081081,-3.108243243243243,1.7245945945945944,0.825945945945946,-0.23945945945945946,0.387972972972973,-22.407972972972974,16.289054054054056,-29.843378378378375,11.0,6.0,6.0
2,8,8,1.068769021978024,5.482087912087912,-5.067692307692308,1.7061538461538461,-0.5700000000000001,-0.20769230769230768,0.09527472527472529,-23.576043956043957,28.041978021978025,-9.884285714285715,9.0,10.0,10.0
2,8,9,1.1089239052631574,3.8498947368421055,-7.224210526315789,-0.8182105263157895,0.08052631578947368,-0.21821052631578947,-0.1768421052631579,-30.894947368421054,28.870526315789473,0.371157894736842,4.0,0.0,8.0
2,9,1,1.0764035212765959,-0.22010638297872337,-0.4946808510638298,-9.718297872340425,0.01074468085106383,0.008297872340425533,-0.13319148936170214,-7.328617021276596,-6.316914893617021,31.77542553191489,14.0,11.0,0.0
2,9,10,1.2070115925925906,2.3821296296296293,7.394629629629629,-5.256759259259259,0.12944444444444445,-0.03148148148148149,-0.18009259259259258,-22.579814814814814,-32.035000000000004,5.9329629629629625,4.0,4.0,2.0
2,9,11,0.9530563529411735,8.03929411764706,4.091882352941177,4.660352941176471,0.14776470588235294,0.04282352941176472,0.0271764705882353,-27.890941176470587,-28.151647058823528,-3.2514117647058822,6.0,4.0,6.0
2,9,12,1.0842798736842107,8.15578947368421,-0.9318947368421052,2.6818947368421053,0.1454736842105263,-0.036631578947368425,0.14926315789473685,-39.195052631578946,-7.852315789473685,5.524315789473683,4.0,12.0,13.0
2,9,13,1.6605102653061212,8.680748299319728,-3.5399319727891156,3.310408163265306,0.21265306122448982,0.06938775510204083,0.0054421768707483015,-40.56639455782313,0.9934013605442177,-0.832108843537415,4.0,8.0,4.0
2,9,14,1.3861860082644561,8.169504132231404,-3.413884297520661,2.5219834710743805,0.2090082644628099,0.016115702479338856,0.18801652892561985,-40.22429752066116,1.7056198347107439,2.5183471074380166,4.0,4.0,13.0
2,9,15,1.490309221374042,9.19503816793893,-0.8219847328244275,2.958473282442748,0.02526717557251909,0.15206106870229005,0.28748091603053433,-39.185190839694656,-10.137022900763359,3.659236641221374,6.0,4.0,15.0
2,9,16,1.5469851278195532,7.90796992481203,-2.80015037593985,3.657443609022556,0.16037593984962406,-0.02458646616541353,0.13473684210526318,-39.973984962406014,-2.0029323308270675,-4.619097744360903,4.0,6.0,6.0
2,9,2,1.1218599800000002,-0.1585,-0.3919,-9.7132,0.0158,-0.0011999999999999995,-0.013999999999999999,-6.0558000000000005,-9.868,32.4975,8.0,5.0,0.0
2,9,3,1.1588314851485153,3.782376237623762,8.579405940594059,-4.184158415841584,0.31801980198019797,0.09396039603960396,-0.04772277227722772,-23.7890099009901,-30.544752475247524,-0.45633663366336646,6.0,4.0,3.0
2,9,4,1.103971031914894,2.4069148936170213,6.892553191489362,-3.8103191489361703,0.3262765957446809,0.055744680851063835,-0.18127659574468083,-21.408617021276598,-31.732340425531916,-1.3464893617021276,6.0,4.0,6.0
2,9,5,1.3244732612612622,4.633513513513514,7.457567567567567,-4.617837837837838,0.22396396396396395,0.03612612612612613,-0.2472972972972973,-26.49135135135135,-29.044324324324325,-0.31243243243243235,4.0,6.0,4.0
2,9,6,1.0189419775280883,4.4204494382022474,6.08438202247191,-4.84,0.014157303370786497,-0.04426966292134831,-0.11179775280898875,-26.697977528089886,-29.244269662921347,-2.641123595505618,6.0,6.0,6.0
2,9,7,1.0197082134831468,4.3793258426966295,7.264044943820225,-3.6860674157303372,-0.023932584269662924,0.20595505617977528,-0.4239325842696629,-28.245842696629214,-25.462696629213482,-3.1688764044943816,6.0,6.0,7.0
2,9,8,1.1232488699999994,1.2403,4.1036,-9.6412,0.2967,0.0108,-0.1134,-18.0651,-17.0925,27.0983,14.0,6.0,0.0
2,9,9,0.932077602409635,0.847590361445783,3.6074698795180726,-8.512771084337349,-0.042650602409638534,0.044457831325301206,-0.202289156626506,-16.464096385542167,-22.85831325301205,24.244096385542168,9.0,6.0,0.0
